dni,nombre,apellido,fecha_nacimiento,sexo,correo,telefono,tipo_seguro,fecha_registro
71314737,Eric,Nelson,1954-05-04,F,dleonard@example.org,927863936,SIS,2021-02-05
41069978,Alex,Mcgrath,1965-10-30,F,kathryn24@example.net,970264897,SIS,2023-04-18
25715232,Justin,Ward,1949-01-22,F,hunterkimberly@example.org,959152784,Privado,2021-07-15
64778567,Tara,Wright,1953-09-24,F,petersonanthony@example.com,900990333,Ninguno,2023-12-15
96082844,Katherine,Berry,1990-05-08,M,jeffrey13@example.org,947346782,SIS,2022-05-01
26641396,Michael,Douglas,1970-10-29,M,mariaedwards@example.com,913827587,SIS,2024-11-27
85745622,Jeffrey,Jones,1979-08-23,F,hhuerta@example.com,913368784,Essalud,2025-03-07
65573533,Anthony,Mitchell,1984-07-09,F,rodriguezsherri@example.org,978517916,Ninguno,2022-04-02
27424951,Patrick,Contreras,1998-01-09,M,chadgreen@example.net,953748030,SIS,2021-06-04
12406255,Shannon,Wright,1978-09-22,F,ian74@example.org,931383195,SIS,2025-04-18
50450838,Shannon,Wallace,1990-09-05,M,samanthaandrade@example.org,998107270,Essalud,2021-05-06
10367953,Dawn,Hill,1947-10-31,F,hburnett@example.net,911681252,Essalud,2020-11-30
77940844,Eric,Griffin,1970-12-05,F,omarsh@example.org,948985947,Essalud,2021-08-07
40620618,Michael,Estrada,1998-06-19,M,steelebobby@example.com,908753102,Essalud,2025-02-16
90211355,Jesse,Young,1959-09-04,M,robertbryant@example.net,966542498,SIS,2020-08-04
31518807,James,Griffith,1971-09-11,F,atkinsonlinda@example.com,991679583,SIS,2022-11-24
62535805,Douglas,Harris,1988-08-23,F,michelle11@example.net,987023553,Privado,2024-01-30
88965072,James,Cole,1997-04-19,M,dorothy42@example.org,976959441,Privado,2023-05-12
63958728,Dennis,Osborn,1955-03-22,F,cbarnett@example.com,946326875,Ninguno,2023-09-09
52898654,Derek,Thornton,1958-02-27,F,ohansen@example.org,930919700,Privado,2020-04-14
76389706,Jasmin,Pennington,1941-10-13,F,dmoore@example.net,950091212,Essalud,2020-03-11
89085523,Krystal,Harvey,1951-04-07,M,fergusonmeghan@example.net,976978298,Ninguno,2023-03-29
36062787,Jesse,Miranda,1978-10-03,F,seangarcia@example.org,965897992,Ninguno,2022-09-06
57287169,Timothy,Diaz,1976-08-12,M,nicholasschultz@example.org,901659742,Privado,2020-02-26
94978576,Kyle,Ali,1966-05-01,M,amandagoodwin@example.org,982737200,Privado,2022-05-26
23940756,Stacey,Bennett,1956-02-15,F,millerdaniel@example.net,906329229,Essalud,2023-11-02
98616008,Angela,Sullivan,1954-11-13,M,webbchristopher@example.net,936845081,SIS,2021-02-21
85764503,Melissa,Harrison,1943-11-22,F,candacecortez@example.com,995617445,SIS,2023-03-23
35282530,Kenneth,House,1967-11-28,M,fisherchristine@example.org,907857845,Ninguno,2020-05-11
99104683,Michael,Ford,1979-09-05,M,qhunter@example.org,942012113,SIS,2024-11-01
58358695,Joseph,Blair,1961-11-11,M,theresa90@example.org,921417852,Privado,2024-03-14
12860090,Rebecca,Munoz,1952-05-10,F,olivia61@example.com,989616160,Essalud,2020-10-24
14500236,Valerie,Padilla,1954-01-08,F,escobarjennifer@example.com,911890399,Essalud,2023-11-01
31171272,Jessica,Dennis,1989-07-30,F,danielterrell@example.org,926230047,Essalud,2025-01-09
37200940,Denise,Combs,1998-09-14,M,halltammy@example.org,926764104,Privado,2024-12-03
54279398,Kenneth,Park,1950-07-11,F,lori54@example.org,977928227,Ninguno,2020-05-06
47247494,Sarah,Sherman,1954-10-07,F,rowen@example.net,969722133,Ninguno,2024-09-02
63257165,Sarah,Phelps,1988-10-21,F,stevensonanthony@example.org,993593241,Privado,2021-05-21
34795639,Lacey,Castaneda,1958-07-27,M,garzaaudrey@example.net,942375592,Essalud,2023-12-03
48494091,Caitlyn,Guerra,1944-10-10,F,robertsonwilliam@example.org,971170423,Privado,2023-06-21
95375033,Andre,Ibarra,1962-05-02,F,andrewphillips@example.net,936642424,Essalud,2020-01-15
80431114,Danny,Cox,1985-07-20,M,susankeith@example.net,944711747,Privado,2021-09-27
73965573,Monica,Joyce,1950-12-05,M,vincent44@example.net,996359157,Ninguno,2020-10-23
18582018,Jeremy,Carpenter,1987-07-15,F,scott63@example.org,969314489,Privado,2021-10-10
84204408,Brett,Reyes,1996-07-16,M,wolfchristina@example.net,967412271,Ninguno,2022-03-03
14293994,Richard,Thornton,1993-10-06,M,ellentaylor@example.org,960313444,Essalud,2024-01-20
31924653,Kim,Wilson,2005-08-06,F,elevy@example.com,961903389,Ninguno,2023-01-28
15862972,Amy,Clay,1952-04-08,F,lquinn@example.net,935732922,SIS,2024-10-17
69413136,Maria,Perez,1971-02-25,M,sbell@example.net,911177181,Essalud,2022-03-21
77791839,Robert,Cain,1997-07-06,M,jessicaharris@example.net,994035914,SIS,2020-05-25
84612057,Robert,King,1997-03-17,F,fboone@example.net,927842751,Privado,2020-07-30
57067628,Amy,Harris,1969-01-03,F,helen77@example.com,964294398,SIS,2024-02-07
43529061,Tiffany,Campbell,1944-01-14,M,harmonandrea@example.org,939706861,Ninguno,2023-06-10
28111862,Abigail,Glover,1985-07-10,F,curtisjackson@example.net,935854398,Essalud,2023-11-09
95011603,Gina,Ross,1991-05-23,M,vjackson@example.net,948536480,Essalud,2024-11-23
20325188,Adam,Barrera,1971-06-30,M,reneejohnson@example.org,927826012,Privado,2023-10-05
87662084,Kristen,Hess,1995-11-03,F,munozphyllis@example.net,934404107,Ninguno,2022-03-20
13116818,Bruce,Gardner,1941-09-12,M,susan77@example.net,986643213,SIS,2021-12-29
19858203,Jamie,Hill,1969-09-02,M,rwright@example.com,940323502,SIS,2023-07-29
95163739,Alexander,Lloyd,1945-08-19,M,bphillips@example.com,989209486,Essalud,2020-09-24
38358338,Jennifer,Williams,1965-10-08,M,daniel44@example.org,931688135,Essalud,2020-01-26
75976504,Mathew,Raymond,1942-12-08,M,amy88@example.net,956597691,Privado,2023-05-05
72130630,Michael,Kramer,1981-12-21,F,amy03@example.net,904819468,Ninguno,2022-07-30
19820489,Paula,Martinez,1989-06-27,F,thomasshelley@example.com,929175939,SIS,2020-06-21
96563577,Joseph,Hernandez,1973-06-05,F,markcamacho@example.com,958681130,Ninguno,2022-10-12
24939542,Douglas,Blankenship,1950-07-17,F,xreeves@example.com,940063611,Ninguno,2024-06-29
66163483,Felicia,Wells,1973-03-31,F,ana50@example.net,911768445,Essalud,2024-03-02
86097755,Troy,Mcgee,1949-06-29,F,ryan13@example.net,989006639,Ninguno,2023-06-22
87964154,Jessica,Wright,1991-11-08,F,andersonbrian@example.net,935968298,Ninguno,2020-01-13
18881756,Rachel,Thompson,1991-03-16,F,rebecca81@example.net,958874492,Privado,2020-08-18
19463119,Laura,Harmon,1989-05-05,F,pagenicole@example.net,917178254,Privado,2022-02-04
55438325,James,Wright,2000-05-01,M,randallburns@example.net,924798663,Ninguno,2020-11-21
51785506,Veronica,Flynn,1993-08-07,M,kingrobert@example.net,985341924,Essalud,2023-05-11
61656336,Keith,Gibson,1978-07-21,F,joneskelli@example.org,962930967,SIS,2023-04-26
99039956,Bradley,Cameron,1985-01-13,F,maloneoscar@example.net,938634630,SIS,2021-09-23
63836864,James,Martin,1958-08-31,M,martinterri@example.org,998501418,Privado,2024-10-12
18400371,Rhonda,Jones,1973-01-22,F,paul85@example.com,955800005,Privado,2024-06-14
86076507,Joseph,Stanley,1970-11-12,M,matthewbryan@example.net,901368633,SIS,2025-03-14
68149038,Wendy,Drake,1986-04-09,M,charlesthornton@example.net,964600406,SIS,2020-01-08
42019704,Joseph,Morris,1966-06-22,F,stephenhatfield@example.com,995999608,Essalud,2025-02-18
20193481,Brandi,Crane,1997-02-05,F,jeffery08@example.com,939600537,Privado,2023-11-30
56422186,Deborah,Butler,1991-12-13,M,amy50@example.org,992071014,Essalud,2022-05-29
79557168,Isabella,Green,1993-09-02,M,margaretromero@example.com,997217146,Essalud,2025-04-16
92010828,Megan,Fernandez,1973-02-26,M,heather90@example.net,952674305,Ninguno,2020-10-16
96525914,Chelsea,Simmons,2003-06-14,M,sramirez@example.net,930396658,Ninguno,2022-01-23
11170115,Susan,Schroeder,1969-05-06,F,ryan51@example.net,949930491,Ninguno,2021-05-06
95327747,Larry,Johnson,1950-09-09,M,martinbennett@example.com,942069527,Privado,2023-05-15
42109855,Thomas,Powers,1977-06-23,F,barnesjeanne@example.com,993546776,Essalud,2023-09-02
80487722,Jason,Cline,1974-07-29,M,bwilliams@example.net,965763803,Essalud,2022-10-19
63495024,Steven,Woods,1984-04-22,M,heathjoseph@example.org,953866424,SIS,2022-09-11
41969097,Lisa,Hines,1973-10-31,M,tarareynolds@example.com,981305943,SIS,2023-04-25
75038374,Joel,Jones,1952-01-03,M,weaverallison@example.net,991280192,Essalud,2021-12-04
59724778,Dawn,Rhodes,2000-01-22,F,yolanda01@example.org,911025088,Privado,2021-11-11
22787656,Danielle,Reyes,1959-02-25,F,ann51@example.org,932158984,Privado,2024-11-14
47048708,Alison,Smith,1959-10-29,M,garciajessica@example.org,926829795,Essalud,2023-10-29
71974790,Jay,Morris,1995-12-30,M,waltonlauren@example.org,933499742,SIS,2020-11-15
76446273,Todd,Shelton,1962-06-30,M,rachelryan@example.com,909822324,Ninguno,2025-01-30
64537098,Tony,Richard,1959-11-03,M,bbarnes@example.net,906650300,Privado,2020-12-24
35923735,Whitney,Bailey,2005-07-19,M,yvettebentley@example.net,982465814,Ninguno,2024-05-09
77518001,Kelly,Murphy,1959-01-03,F,shane34@example.org,971145639,Privado,2021-09-17
35518946,Diana,Lopez,1947-08-28,F,villegasomar@example.com,956568485,Ninguno,2020-02-07
40302917,Megan,Medina,1944-06-04,M,markbush@example.net,996358269,Privado,2021-04-01
88952122,Travis,Watkins,1940-05-14,M,scottsuzanne@example.net,980725587,Ninguno,2022-02-08
81512596,Lisa,Elliott,1984-02-11,M,isuarez@example.org,959522068,SIS,2021-04-05
36934585,Rachael,Walker,1984-11-18,F,jilllewis@example.org,933150918,Privado,2024-06-18
52455492,Ashley,Bradshaw,1981-04-12,F,griffinstephanie@example.org,915956944,SIS,2022-05-05
33979316,Michael,Gutierrez,1971-12-30,F,jessicawashington@example.com,990533107,Essalud,2025-05-06
42185789,Jennifer,Fisher,1977-10-24,M,lawrencematthew@example.net,949859881,Essalud,2020-10-10
11293434,John,Avila,1963-04-10,F,wilsonkevin@example.net,931307639,Essalud,2020-07-27
35892419,Teresa,Berger,1978-06-07,M,krista06@example.net,920775214,Privado,2023-06-27
49688306,Michael,Cervantes,1993-06-08,M,melissa16@example.org,914549842,Ninguno,2024-09-13
77793238,Wendy,Butler,1993-07-27,M,nancy80@example.net,922495295,SIS,2024-02-13
10525555,Brandy,Smith,2001-08-16,M,yhebert@example.com,997655174,Essalud,2022-02-12
88318650,Jacqueline,Turner,2005-11-25,F,lmarks@example.org,965582129,Privado,2024-07-20
31673175,Amber,Fitzgerald,1943-10-10,F,vaguilar@example.org,907744527,SIS,2024-07-13
91325745,Andrea,Duran,1984-02-10,M,nramirez@example.net,947192261,Ninguno,2023-08-23
62592347,Dana,Patton,1971-11-06,M,bryantstephanie@example.org,904139681,Essalud,2020-07-31
67187636,Herbert,Hernandez,1996-05-26,F,ypowell@example.org,942195697,Privado,2022-04-06
86763544,Teresa,Martin,1986-08-01,F,paigesmith@example.net,950034792,Privado,2023-09-27
80401774,Ashley,Arroyo,1985-09-16,M,bradleyanderson@example.net,950830655,Privado,2022-12-21
54124432,Kelly,Cole,1962-05-22,F,jenniferhouse@example.com,996333328,Essalud,2022-01-08
37739580,Melissa,Mason,1995-02-04,F,jacobsjames@example.org,966158168,Ninguno,2022-01-08
38421811,Alan,Meyer,1946-05-29,M,laurenbell@example.org,963462549,Ninguno,2025-06-15
98315081,Jeremy,Williams,1943-07-18,M,valdezrobert@example.com,961823219,Ninguno,2023-12-25
78606234,Andrew,Hart,1967-09-07,M,rodriguezjeremy@example.org,976038354,Ninguno,2021-05-08
85491562,Amber,Mason,1970-12-31,M,carriejones@example.com,905991381,Essalud,2025-01-02
94582391,Lori,Sheppard,1981-02-26,M,thomasdevin@example.net,980672310,Ninguno,2020-05-31
93174831,Laurie,Garcia,1956-11-28,M,jessicaclark@example.net,985382538,Privado,2021-06-15
59665747,Teresa,James,1991-05-19,F,erichall@example.net,974319658,Privado,2020-06-25
53014713,Eric,King,1993-10-27,M,zachary37@example.org,932663379,Ninguno,2022-12-26
73596803,Matthew,Newman,1993-01-19,F,tonya34@example.net,969258836,Ninguno,2023-11-18
16544919,Walter,Farley,1961-10-18,F,richardward@example.com,943421554,SIS,2023-12-27
21752714,Tammy,Anderson,1972-08-18,F,ymorton@example.net,999845577,Ninguno,2020-04-24
42566734,Laurie,French,1963-09-25,M,jthompson@example.com,954347918,Essalud,2025-03-20
93180826,Jennifer,Anderson,1957-09-19,F,kingthomas@example.com,988869061,Essalud,2021-06-14
22154306,Stephen,Santana,1985-04-27,M,xjohnson@example.net,990843777,Privado,2024-07-24
62754045,Justin,Jackson,1975-08-29,M,joshuaparker@example.net,903409419,SIS,2020-11-01
27545344,Brendan,Pham,1948-06-13,F,danielbarajas@example.com,911324900,Privado,2023-09-06
51812020,Jamie,Moore,1946-01-04,F,mmorales@example.net,937155430,Essalud,2025-04-13
16863427,Michael,Williams,1955-03-24,M,colleen26@example.net,994069459,SIS,2022-09-28
20056876,Michael,Grimes,1988-12-26,F,ryan26@example.org,947456257,Essalud,2022-09-09
98063105,Stephen,Cruz,1940-08-28,F,rburns@example.org,979751696,SIS,2023-05-18
67258181,Timothy,Armstrong,1953-08-18,F,garciapatrick@example.org,949819511,SIS,2023-12-01
15884043,Emily,Tapia,1964-01-16,M,qlopez@example.org,994163265,SIS,2021-12-19
31720355,Tracy,Powell,1993-01-27,M,isanchez@example.org,922983331,Ninguno,2021-12-28
85597208,Shannon,Hill,1965-07-19,M,lquinn@example.com,907281826,Ninguno,2020-01-03
70990231,Melissa,Gibson,2001-05-18,M,jhurst@example.net,956471259,Ninguno,2021-07-06
50211145,Jordan,Lopez,1979-12-28,F,rachaelperry@example.org,993386406,SIS,2022-11-13
15521462,Jasmine,Davenport,1961-03-22,M,jamie10@example.com,929610212,Privado,2024-05-13
79369586,Austin,White,1942-03-27,F,christina11@example.org,929061813,SIS,2021-10-07
60829090,Scott,Ayers,1962-07-27,F,sandra56@example.com,998235920,Ninguno,2020-01-26
23491199,Brittany,Brown,1967-04-26,M,terrymartinez@example.com,994627392,Essalud,2021-09-28
93819377,Felicia,Jackson,1990-03-24,M,abutler@example.org,933168783,Ninguno,2024-08-25
39395024,Andre,Weber,1986-09-03,M,kempchelsea@example.net,907283019,Privado,2025-05-31
60907503,Amber,Davidson,1999-05-24,F,briandeleon@example.net,923670468,Ninguno,2021-01-14
90377967,Amy,Johnson,1957-06-11,F,duartechristopher@example.net,989179810,SIS,2022-05-02
37509002,Kimberly,Robles,1997-07-07,F,gabriel56@example.org,918306823,SIS,2024-09-18
57491109,John,Gonzalez,1976-01-01,M,alexa06@example.net,954397068,Essalud,2023-09-15
88495451,Luke,Adams,1995-06-18,M,sarah58@example.com,941173069,Privado,2023-12-26
20559395,Brittany,Evans,1970-07-06,F,christopherdonovan@example.com,991339451,SIS,2022-05-14
67917834,Elizabeth,Ortiz,1951-06-21,F,whitedorothy@example.com,919061773,SIS,2024-09-06
72034597,Sydney,Gill,1999-02-13,F,brent59@example.org,919524934,SIS,2025-06-14
57676418,Karen,Nichols,1980-03-31,F,qshelton@example.com,986776923,Privado,2020-01-30
16300923,Rebecca,Hernandez,1979-05-17,F,zjones@example.org,951137533,Essalud,2020-07-15
77881790,Michael,Davis,1981-10-13,F,boydkimberly@example.net,993407832,Ninguno,2022-09-16
55847297,Christina,Sims,1978-03-30,M,michelle44@example.com,901130896,SIS,2023-05-14
93663894,Maria,Melton,1978-01-02,M,xbernard@example.org,924347814,Ninguno,2023-03-17
74326489,Linda,Stanley,2000-12-05,F,david36@example.org,928659475,SIS,2020-01-01
68062880,Julia,Frost,1975-07-22,F,kelleyanthony@example.net,943435324,Ninguno,2020-03-25
58826156,Robert,Clark,2004-11-28,M,manuel50@example.org,947340519,Essalud,2024-03-26
75607627,Timothy,Lowe,1952-05-17,M,amycollins@example.org,938485045,Ninguno,2022-06-05
17265840,Dawn,Rios,1967-02-05,M,zfoster@example.com,936165633,Privado,2024-01-09
76689595,David,Dunn,1952-09-21,M,slee@example.org,920496097,SIS,2020-12-29
76250550,Marisa,Buck,1942-04-12,M,johnny98@example.com,977735660,SIS,2021-11-04
70283518,Sarah,Li,1950-11-27,F,wendydougherty@example.net,914719335,SIS,2021-11-01
99942944,Perry,Chambers,1969-08-17,F,antonio63@example.org,947792304,Essalud,2023-06-04
57474309,Daniel,Walker,1973-01-11,M,esmith@example.net,999479231,Privado,2021-10-05
74354187,Steven,Dominguez,1963-02-27,F,fbates@example.org,980480077,SIS,2020-09-06
54840616,Jacob,Nielsen,1990-10-28,F,gerald19@example.org,905301397,Privado,2023-09-21
64955872,Kenneth,Johnson,1973-07-02,M,zachary02@example.org,997995844,Essalud,2024-04-28
98648298,Sara,Hendrix,1949-07-22,M,gibbssonya@example.org,938283876,Privado,2022-01-07
43080889,Shelby,Santana,1979-06-26,M,robertwatson@example.net,950831573,Essalud,2024-11-16
46094458,Catherine,Cummings,1975-01-29,M,dakota28@example.net,954908954,Privado,2022-07-28
31591635,Mary,Cohen,1989-07-02,M,karazamora@example.net,975534970,Ninguno,2023-10-15
49180955,Dawn,Fowler,1941-04-25,F,clarkesteven@example.net,911461840,Privado,2024-11-29
37413665,Melissa,Hall,1946-08-22,M,anna46@example.org,983541914,Privado,2023-05-31
93336974,Scott,Bell,1968-03-06,F,jasonschwartz@example.net,903219014,SIS,2022-06-22
59727448,Francisco,Mathews,1994-05-30,F,brandon73@example.org,934632337,Ninguno,2023-06-26
91760427,Jennifer,Zavala,1970-03-04,M,johnsonandrew@example.org,994972199,Privado,2022-04-11
35117804,Amber,Hall,1997-02-06,M,julianshields@example.com,969037617,Privado,2022-12-12
27260551,Lindsay,Guerrero,1966-09-08,M,maryjacobs@example.org,908460500,Ninguno,2021-02-27
90698557,Lynn,Lloyd,1990-12-09,M,josephjennings@example.org,924373007,Essalud,2022-04-07
96459714,Sara,James,1947-02-23,M,lopezwanda@example.com,936628111,SIS,2021-09-14
95461792,Walter,Brown,1960-06-10,F,christopher62@example.com,950251911,Privado,2020-03-28
69257299,Thomas,Sims,1956-04-30,M,holtbrian@example.net,991880099,SIS,2020-12-17
37517947,Lisa,Baker,1987-12-31,M,mchaney@example.net,979232834,Privado,2020-11-02
73418209,James,King,1968-09-16,M,vegabenjamin@example.com,914632490,Privado,2024-06-08
65213266,James,Smith,2000-04-01,F,klewis@example.com,937732716,Essalud,2024-03-16
49504530,Jacqueline,Mckay,1998-06-29,F,bartonjesse@example.net,996837135,Essalud,2023-06-18
99442839,Robert,Sanders,1950-09-01,F,michael13@example.net,990790160,SIS,2024-05-13
95223574,Tyler,Spencer,1964-10-11,F,hendrixsusan@example.org,934915135,Ninguno,2020-05-18
38918433,David,Walter,1984-07-19,M,joshua38@example.com,926898944,Ninguno,2022-08-04
40847331,Joel,Davis,1946-08-19,F,lauren77@example.org,957706351,SIS,2022-06-21
39397132,Jennifer,Hamilton,1952-06-18,F,garycoleman@example.net,917293904,Ninguno,2023-01-24
29941668,Paul,Villarreal,1941-10-24,M,mramirez@example.net,934375748,SIS,2020-01-29
77766731,Maria,Cummings,1985-08-16,M,owilliams@example.com,975802566,Ninguno,2022-08-23
60836762,Rose,Vincent,1953-10-08,M,melinda76@example.net,906311129,Essalud,2024-11-08
35868364,Christopher,Matthews,1996-01-01,F,chelseadean@example.org,976608692,Ninguno,2021-05-21
88464858,Amy,Hernandez,1964-09-10,F,ronaldjones@example.com,974913975,Privado,2024-08-24
68627538,Paul,Mcdonald,1997-07-31,M,coopersteve@example.org,930431509,Privado,2023-06-11
99233707,Steven,Torres,1986-10-07,M,wardchristopher@example.com,928916343,Privado,2024-06-15
77963717,Monica,Davis,1969-11-28,F,gfitzgerald@example.org,962688586,Ninguno,2022-03-21
55474616,Bryan,Johnston,2003-04-09,F,tshaw@example.com,903100804,Essalud,2021-08-22
33997478,Tina,Black,1971-01-26,M,michael49@example.com,945065651,Ninguno,2023-06-14
80513589,Mallory,Lee,1990-06-21,M,elizabeth03@example.org,940916259,Essalud,2020-03-30
72542319,Mario,Adams,1969-08-08,M,patricia21@example.com,951407880,SIS,2023-10-14
31358540,Tamara,Owens,1959-09-05,F,jessica35@example.net,910026900,SIS,2023-01-05
58865941,Christopher,Thomas,1941-10-08,M,karladuran@example.org,985577939,Essalud,2023-10-02
22758099,Jeffrey,Coleman,1995-01-18,F,eugene87@example.org,969743383,Privado,2023-02-13
21701419,Tammy,Lee,1945-12-08,F,rhonda33@example.org,930227923,Privado,2021-02-06
34287971,Thomas,Jacobs,1982-08-12,M,tonilee@example.com,900669475,SIS,2024-01-19
57145242,Robert,Murphy,1943-06-13,M,carolyn37@example.org,997285088,SIS,2022-07-24
67291068,Jennifer,Mccullough,1942-01-17,F,ythompson@example.net,970856505,Ninguno,2020-11-21
79412431,John,Rodgers,1961-11-28,F,kelseyedwards@example.com,919854553,Essalud,2022-01-25
93110894,Rachel,Huffman,1967-02-07,M,marissa19@example.net,932774708,SIS,2021-05-05
58674184,Sara,Collier,1982-07-23,M,uking@example.org,921667564,SIS,2020-08-31
12388622,Tommy,Nelson,1957-03-21,F,tbarr@example.net,903050685,Ninguno,2023-12-09
30034848,Ethan,Robertson,1997-08-09,F,katiedavis@example.com,995954316,Essalud,2023-01-13
83534864,Anita,Edwards,1957-09-21,F,jaustin@example.org,974441856,SIS,2024-01-14
94086231,Rebecca,Gonzales,1979-02-07,M,haley84@example.net,965557995,Ninguno,2025-03-06
71008703,Ricardo,Faulkner,1985-04-14,M,ereynolds@example.net,957684135,Privado,2025-06-17
93105284,Jeffrey,Bennett,1985-04-18,M,jessehamilton@example.com,928136825,Privado,2022-09-22
53735997,James,Torres,1988-10-10,M,raymondnielsen@example.com,912059319,Privado,2020-04-22
95085042,Lisa,Allison,1960-06-27,M,levinejennifer@example.com,960753477,SIS,2023-02-27
77633253,Tammy,Mitchell,1962-09-12,M,hernandezcassandra@example.net,956767647,Privado,2025-01-06
86782693,Jeff,Spencer,1974-02-14,F,melissalewis@example.org,961938877,Privado,2022-12-16
46345153,Jaime,Stafford,1967-10-16,F,cookdavid@example.org,991121807,Privado,2024-04-04
81594658,Phillip,Coleman,1971-01-05,M,kristenwebb@example.com,962231935,Privado,2022-08-26
89433447,Craig,Brown,1945-04-08,F,ejohnston@example.org,931502646,Ninguno,2021-08-04
61223480,Dawn,Foster,2005-07-24,M,phillip06@example.com,928249807,SIS,2023-12-12
38211574,Ashley,Carlson,1989-04-13,M,sharris@example.com,933016957,Privado,2020-05-16
41622394,Charles,Greer,2001-06-12,F,odurham@example.org,945485470,Ninguno,2020-02-21
36512289,Sabrina,Ramirez,1980-11-08,F,wilsonchristian@example.org,930856036,Privado,2025-02-22
38917126,Dawn,Perez,1990-07-22,M,klarson@example.com,920709972,Essalud,2024-05-21
67727994,Brian,Martin,1970-01-11,M,clarknatalie@example.net,972149149,Privado,2020-06-15
24700658,Max,Carey,1989-08-09,M,haleybanks@example.net,963407977,Privado,2022-09-26
21228791,Tammy,Jones,1983-08-18,F,ataylor@example.net,938596516,Privado,2022-03-31
84995708,Paul,Bryan,1981-03-18,M,aliciagomez@example.net,938677320,Essalud,2020-05-21
31564502,Jennifer,Hunter,1978-07-02,M,samantha76@example.org,948325749,Privado,2020-07-11
66112828,Jennifer,Jones,1982-07-26,F,santosricky@example.org,921804709,Privado,2023-02-25
35289630,Elizabeth,Kim,1976-12-13,F,yjones@example.org,968559423,SIS,2022-08-09
55510196,Stephanie,Wells,1955-03-14,M,ksmith@example.net,953593740,Privado,2024-05-03
89666652,John,Johnson,1988-08-01,M,richard39@example.org,999973493,SIS,2023-05-23
48480483,James,Lloyd,1967-12-21,M,wramos@example.net,932294696,SIS,2023-06-14
41926956,Michael,Jennings,1973-03-08,F,parksjessica@example.net,930965253,Essalud,2021-05-11
44467740,Crystal,Mcintyre,1984-08-16,F,debradawson@example.org,933079719,SIS,2021-11-14
87772969,Jamie,Brown,2000-06-20,F,kathleen70@example.net,989223245,Privado,2024-07-05
13659984,Jordan,Lopez,1991-07-05,M,ijones@example.net,950902101,SIS,2021-01-24
65023217,Andrew,Lopez,1994-09-02,F,kmason@example.net,952794132,Ninguno,2021-06-16
93413655,Anna,Duncan,1999-08-29,M,ccastillo@example.net,912104262,Privado,2022-01-05
88805214,Tina,Ball,1982-04-11,M,robbinsgerald@example.org,953399338,Privado,2022-11-01
93780715,Nathan,Reyes,1944-01-25,M,mjackson@example.org,909211259,SIS,2024-05-27
26881910,Larry,Cooper,1981-05-08,F,marissa99@example.com,967500753,Essalud,2024-03-14
92601281,Ronald,Warren,1969-12-26,F,petersonaimee@example.com,959917060,Ninguno,2021-08-19
61448504,Melanie,Reyes,1976-04-21,F,andrew43@example.net,979024291,SIS,2024-02-06
64238997,Kimberly,Sanchez,1972-10-05,F,gerald37@example.org,925215520,Essalud,2024-07-02
27904170,David,Ayala,1955-04-26,M,robertwalters@example.org,922070559,SIS,2023-01-24
50519952,Rebecca,Olson,1995-07-12,F,kevin81@example.com,993759820,Privado,2023-01-25
40885242,Jessica,Mitchell,1972-03-26,M,jacksonernest@example.org,985325146,SIS,2021-05-16
77746848,Ashley,Bryant,1956-08-27,F,margaret84@example.org,959864250,Essalud,2021-06-23
84479942,Larry,Williams,1983-11-12,F,tamarastewart@example.com,921691280,SIS,2024-07-31
34522413,Rebecca,Taylor,1944-03-16,F,martinjackson@example.net,920615585,Privado,2024-04-13
13649193,Erin,Smith,1940-11-19,F,qwatson@example.org,960613542,Essalud,2022-10-21
52210908,Jeffery,Lee,1944-04-06,M,qhunter@example.com,937256285,SIS,2025-06-23
44961493,James,Smith,1944-02-07,M,larryallen@example.org,953978308,Essalud,2023-09-04
32800385,Rhonda,Brown,1995-08-10,M,chaney@example.org,951694085,Essalud,2024-04-25
95514452,Joseph,Pruitt,1970-01-09,M,henrychristina@example.org,913172061,Privado,2023-11-03
71408586,Vanessa,Walker,1980-02-17,F,btrujillo@example.net,925079966,SIS,2024-05-29
90271199,Travis,Davis,1954-08-22,M,dowen@example.org,942576421,Privado,2022-01-10
16407744,Matthew,Larson,1971-03-27,F,humphreyemma@example.com,923330048,SIS,2024-01-01
48812712,George,Wilson,1949-10-14,F,hannah65@example.org,918112791,Essalud,2020-06-11
35697180,Christopher,Moore,1954-01-22,M,brandon09@example.org,987872987,SIS,2020-12-30
74921677,Katherine,Davis,1978-04-05,M,charrison@example.net,910733837,Ninguno,2020-12-13
65913180,Yvonne,Wilkerson,1950-04-10,M,cmejia@example.com,953656050,Essalud,2022-02-28
57340960,Gregory,Kramer,1958-05-19,M,stevemcfarland@example.net,961886054,Ninguno,2023-09-23
24315146,Valerie,Johnson,1959-04-18,M,karen91@example.net,988653424,Essalud,2021-03-02
52275508,Kristy,Escobar,1994-11-24,F,ofleming@example.com,947645161,Ninguno,2025-03-01
95951668,Paul,Murphy,1973-05-02,F,michaelcooper@example.com,957940920,Essalud,2021-09-30
73956394,Brandon,Norman,1991-08-06,M,rebeccameza@example.com,943344934,SIS,2021-08-27
44692107,Randy,Walter,2001-05-27,F,opatterson@example.org,914896083,SIS,2024-02-13
97256872,Barbara,Vasquez,1983-07-08,M,fmooney@example.org,949633694,SIS,2023-10-01
63820768,Carolyn,Golden,1957-01-16,F,johnsonwilliam@example.com,963285069,Privado,2020-09-18
16047827,Shirley,Taylor,2002-08-13,F,joycehess@example.net,935121664,SIS,2020-07-01
19742684,Dawn,Kelly,1999-07-20,M,phillip80@example.net,964373068,Ninguno,2023-03-03
53053277,Sarah,Rivera,1959-02-05,M,caitlin06@example.org,980862982,Ninguno,2024-09-11
30005071,Bradley,Gutierrez,2005-11-11,M,terry61@example.org,955021204,Ninguno,2023-05-26
32132618,Gregory,Johnson,1964-04-19,F,kimberlypadilla@example.com,973892393,Essalud,2023-07-09
31810833,Tyler,Henson,1991-10-28,F,ohogan@example.org,986341436,Privado,2021-05-10
87019329,Bryan,Williams,1960-03-29,M,psweeney@example.org,973704498,SIS,2022-04-25
39987007,Madison,Thomas,1969-01-06,F,sergio28@example.com,962200085,SIS,2022-09-15
25228488,Tina,Vega,1979-06-23,M,cynthiawilliamson@example.org,992749972,Ninguno,2025-03-04
76514451,Katherine,Wheeler,1983-08-08,M,howardbrian@example.net,953316932,Ninguno,2024-12-16
81291291,Timothy,Pennington,1965-06-04,M,garzapatricia@example.net,971413614,Ninguno,2024-08-30
96396806,Carlos,Thompson,1987-06-22,F,aprilpierce@example.org,931308614,Essalud,2023-02-08
66651036,Laura,Morrison,1948-11-10,M,hlutz@example.com,975322135,Privado,2022-03-02
49798892,James,Leblanc,1956-08-20,M,gcunningham@example.com,942630236,Privado,2020-04-26
67458758,Jason,Holden,1957-12-24,F,gregoryhill@example.com,921529577,Ninguno,2024-04-06
87886355,Patricia,Douglas,1982-11-05,F,williamskatherine@example.net,930784406,Ninguno,2021-09-11
51963838,John,Rogers,1949-03-06,F,zwilson@example.com,969514705,Ninguno,2024-09-05
27746517,Christopher,Sanchez,1947-03-01,F,ebarry@example.com,907586650,Privado,2024-01-20
41621253,Connie,Jones,1964-09-21,M,lisadavenport@example.com,911350303,Privado,2020-11-26
99602223,Justin,Smith,1998-12-29,M,raymondtaylor@example.org,999507694,Privado,2023-05-23
12300247,Jennifer,Johnson,1995-05-28,F,jgomez@example.net,982963213,SIS,2020-04-11
96967947,John,Glover,1963-04-05,F,charlene10@example.org,993687611,Ninguno,2024-08-02
26966837,Matthew,Ware,2002-04-06,M,craig51@example.net,916910066,Ninguno,2020-01-10
99082453,Clarence,Chang,1957-11-07,F,angelfuentes@example.com,994320067,Essalud,2024-06-10
41943480,Kyle,Stephens,1958-12-12,M,ljohnson@example.net,996544249,Ninguno,2022-03-02
24309109,Timothy,Banks,1956-05-17,M,dcraig@example.net,981262422,SIS,2020-06-23
42927075,Paul,Mendoza,1943-09-27,F,joy71@example.org,996382454,Ninguno,2023-12-13
42191783,Gina,Tate,1964-11-17,M,perkinspaul@example.net,955978696,Ninguno,2020-10-22
82852628,Morgan,Silva,1944-03-09,M,burnskatherine@example.com,967652207,SIS,2021-02-02
41271187,Chris,Benjamin,1987-11-18,M,misty71@example.org,909037402,Essalud,2021-04-12
55126683,John,Holt,1960-03-12,M,zsmith@example.com,958567627,Essalud,2022-09-19
75669645,Chad,Fernandez,1957-04-01,M,zacharyayers@example.net,906926513,SIS,2024-11-18
79429276,Morgan,Drake,1951-07-25,M,keytodd@example.org,933722936,Privado,2025-01-20
94740653,Travis,Conway,1979-11-02,F,jacksonkyle@example.net,959981035,Essalud,2020-05-13
42713186,Allison,Simpson,1969-09-07,F,suzanne60@example.org,945640217,Essalud,2022-04-08
14699496,Austin,Chapman,1992-06-06,F,jessica40@example.org,969221531,Essalud,2020-03-31
84386268,Tyler,Brown,1973-04-20,F,john80@example.com,901338859,SIS,2022-11-01
10184156,Julie,Miller,1978-03-16,F,williecopeland@example.net,989361148,Privado,2023-05-31
58649795,Yvonne,Cowan,1956-04-14,M,jenniferreed@example.org,923969992,Essalud,2022-09-13
18968585,Brandon,Johnson,1991-02-05,M,antonio55@example.net,962015602,Essalud,2024-07-08
65177566,Patrick,White,1946-12-12,M,bradythompson@example.net,949304977,Ninguno,2022-11-06
14737072,Alexander,Wilson,1969-10-05,M,kristensimon@example.com,914488362,Ninguno,2021-06-03
53575225,John,Evans,1996-07-31,F,lindseybrown@example.net,956987315,Ninguno,2023-07-25
47035406,Kelly,Baker,1985-08-17,F,nguyenmelissa@example.net,945905090,Ninguno,2021-05-18
73051944,Melinda,Hampton,1952-12-16,F,nicholasmatthews@example.net,937716538,Ninguno,2022-02-25
35889228,Randall,Johnson,1997-04-17,F,egriffith@example.org,969102738,Ninguno,2023-01-07
25962595,Christopher,Ferguson,1961-02-06,M,normaevans@example.org,900237912,Privado,2022-06-11
29751711,Maria,Gray,1949-12-05,F,msalazar@example.net,907838513,Ninguno,2023-05-26
57678829,Andrew,Gonzalez,1957-09-16,M,ipineda@example.net,938323411,SIS,2024-03-01
50236253,Tyler,Romero,1941-07-03,F,xharvey@example.net,901002115,Essalud,2021-07-14
51015117,Robert,Aguilar,1986-08-26,F,petersvanessa@example.com,924496918,Essalud,2022-06-23
11144750,Nicole,Fuentes,1980-12-08,F,brittanyperez@example.org,967553437,Privado,2023-07-18
31396510,Renee,Payne,1992-11-04,F,rhiggins@example.com,956323455,SIS,2021-01-30
50060628,Brenda,Hall,1962-03-10,M,zolson@example.net,913152400,SIS,2020-07-18
54063516,Shane,Kelly,1968-02-09,M,lwagner@example.org,952663906,Privado,2022-01-18
15408774,Jason,Wells,1990-08-23,F,jonesemma@example.net,998591629,Privado,2020-09-12
12953739,Anne,Mitchell,1948-10-01,M,tammycombs@example.net,957446628,SIS,2020-07-18
67330691,Michael,Blankenship,1998-04-24,M,dfigueroa@example.org,974626102,SIS,2024-11-28
82171696,David,Allen,1944-11-09,F,bradschultz@example.org,990717785,Privado,2023-09-22
20356832,Joshua,Young,1989-12-06,F,ujackson@example.com,994711903,Ninguno,2022-08-03
92994114,Drew,Perez,1967-07-10,M,christian75@example.com,906092975,Essalud,2023-09-14
96208487,Zachary,Rodriguez,1943-02-21,F,qturner@example.net,963639339,Essalud,2020-05-09
72378073,Suzanne,White,1966-03-31,M,cgraham@example.org,998336137,SIS,2020-06-11
55509973,Nicole,Ortiz,1942-12-22,F,ejohnson@example.com,928155488,Ninguno,2021-11-10
58400225,Robert,Smith,1993-08-05,F,yknox@example.net,953637558,Privado,2022-07-07
50816462,Jonathan,Wise,1976-01-15,F,sgibbs@example.net,971322929,SIS,2024-08-24
27744370,Mary,Mcknight,1968-02-11,M,natalie59@example.org,995419875,SIS,2024-07-11
74329808,Ashley,Scott,1979-02-19,F,katelynschultz@example.net,952927440,Privado,2024-05-22
25154888,Ashley,Berry,1980-04-15,M,mcintoshamber@example.org,949108137,Privado,2023-01-08
73624194,James,Carrillo,2004-06-24,M,cmay@example.net,902277528,SIS,2025-06-11
24100562,Alison,Carroll,1943-07-18,M,roberta41@example.org,932285667,Essalud,2020-03-03
59313848,Ethan,Bailey,1958-02-09,M,yolandarichardson@example.com,944711634,Ninguno,2023-05-12
93706588,Kelly,Thornton,1956-12-20,F,grimesdaniel@example.net,932203412,Ninguno,2023-04-21
44723505,Carrie,Rios,1951-11-30,M,kingjames@example.net,982347638,Essalud,2022-10-03
74037063,Tamara,Smith,1954-12-04,F,murphyronald@example.org,976615986,SIS,2021-08-01
39830532,Angela,Nguyen,1945-07-03,M,dperez@example.org,997025317,Privado,2024-03-12
35504334,Melanie,Bright,2002-09-21,M,alandry@example.org,988169429,Privado,2022-12-16
92240573,James,Pearson,1947-12-18,M,patrickjohnson@example.com,993104053,Privado,2020-05-25
91995688,Rebecca,Williams,1997-12-06,F,jwalker@example.net,904090151,Privado,2020-08-12
17097363,Steven,Williams,1976-03-10,F,thenderson@example.com,969866906,Essalud,2022-10-02
77072271,Susan,Eaton,1988-11-10,F,charles57@example.org,916262835,SIS,2022-09-11
38204835,Cameron,Paul,1998-07-28,M,kford@example.com,901042660,SIS,2020-04-10
58735209,Mike,Ayala,1965-07-24,F,catherine19@example.org,999400467,Essalud,2023-10-25
27381196,Kyle,Lopez,1975-02-24,M,christina64@example.com,972855591,Ninguno,2023-06-15
46106648,Kevin,Werner,1947-12-18,M,bradleyjenna@example.com,904022861,Privado,2020-05-27
85645747,Daniel,Murray,1941-07-24,M,ugreen@example.com,950769807,Privado,2023-04-28
78078749,Madison,Miles,2001-01-28,M,barbara44@example.net,927844130,Essalud,2024-10-20
49275888,Samuel,Cabrera,2003-12-05,F,shawthomas@example.net,997815626,SIS,2024-05-13
75620429,Kathleen,Anderson,1972-04-07,F,traci69@example.net,963658686,SIS,2021-11-14
31169688,Larry,Ramirez,1967-07-30,M,sweeneykeith@example.com,935532107,Privado,2022-08-29
43590543,Vanessa,Lopez,1978-09-18,M,qnelson@example.com,988626691,Essalud,2021-01-10
75059041,Donald,Carpenter,1984-11-15,M,ross44@example.com,928859512,Essalud,2022-09-04
49241255,Jennifer,Potter,1942-08-24,M,leejacqueline@example.com,910132883,SIS,2022-03-30
55360469,Elizabeth,Brown,1978-05-23,M,jacob59@example.org,919975034,Privado,2023-03-18
68217270,Sharon,Jones,1999-04-12,M,kevinwalker@example.org,905040661,Privado,2021-04-29
87726500,Michael,Miller,1948-02-29,F,jacob65@example.org,930185911,Essalud,2023-08-14
78336371,Joel,Blair,1966-02-11,F,mark36@example.com,992657240,SIS,2023-02-08
84159170,George,Brown,2002-08-01,M,smason@example.net,903531763,Privado,2023-06-14
22251574,Samuel,Cunningham,1953-06-16,F,heidi42@example.com,982988503,Privado,2020-03-14
99398875,Judy,Smith,1940-07-18,M,georgejones@example.org,990507080,SIS,2025-04-09
53035884,James,Rocha,1999-01-03,M,dcasey@example.com,965779435,Essalud,2022-04-29
83973873,Brittany,Hunter,1994-03-20,F,moraleskelly@example.net,918557383,Ninguno,2023-01-15
79100142,Paul,Bryan,1999-08-12,F,tvillarreal@example.org,935917922,Essalud,2024-07-01
28424065,Theresa,Burns,1952-03-09,M,flemingcharles@example.com,916061117,Ninguno,2024-01-06
41456961,Benjamin,Jackson,2004-10-29,F,colleen10@example.org,976810013,SIS,2024-07-24
39624957,Phyllis,Chavez,1950-05-08,M,fjackson@example.com,912247846,Ninguno,2023-05-06
54399462,Joshua,Wallace,1957-04-16,F,elliottchristina@example.net,920084627,Ninguno,2020-04-02
14474726,Joseph,Scott,1951-12-12,F,rachel28@example.org,915700666,SIS,2022-06-11
38571097,Linda,Estrada,1999-08-25,F,jamessmith@example.net,900960160,Ninguno,2021-10-07
60851195,Edward,Ortega,1967-01-09,F,keithtravis@example.com,954610866,Privado,2024-07-24
84751957,Jose,Jenkins,2000-02-11,M,carolynroach@example.org,910033076,SIS,2025-05-15
51955436,Monique,Smith,1943-05-18,F,kcampbell@example.org,959916013,Ninguno,2024-12-14
92673562,Lauren,Rose,1982-02-07,F,mbraun@example.org,991572754,Privado,2023-01-30
87551094,Miranda,Stephens,1987-12-25,F,smithlisa@example.org,924929790,SIS,2023-02-13
19314881,Jesus,Vaughan,2005-11-22,M,melissa65@example.net,956053629,Ninguno,2024-11-17
53935447,Michael,Brewer,1991-02-22,F,derek50@example.net,913042731,SIS,2021-08-02
88211144,Cory,Kaiser,1969-09-01,F,liurachel@example.com,944120983,Essalud,2021-02-27
49864470,Beverly,Costa,1962-06-08,F,jboyd@example.com,942123358,Privado,2022-12-19
23889691,Jessica,Fisher,1970-04-24,M,debraleach@example.org,992554864,Essalud,2022-10-24
85030495,Sheila,Lang,1973-11-02,M,parkermatthew@example.org,919209679,Ninguno,2024-05-08
28789866,Wesley,Barron,1950-12-11,F,martinezashley@example.net,944763031,Essalud,2022-03-19
69085956,Ian,Nguyen,1977-04-02,F,howardashley@example.org,915613812,Ninguno,2020-11-21
55071089,Matthew,Williams,2001-05-19,F,kevin33@example.org,961031655,Ninguno,2023-06-19
93040755,Shawn,Moody,1979-08-12,F,vknight@example.com,979995861,Essalud,2022-07-23
55234373,Jeffrey,Allen,1985-10-19,F,qwilkerson@example.org,936116043,SIS,2023-09-12
56617232,Megan,Osborne,1966-11-30,M,jesus46@example.com,991541719,SIS,2024-05-15
92662674,Sharon,Sanders,1987-04-25,M,kelliott@example.com,924845668,Essalud,2021-11-29
88258749,Patrick,Solomon,1981-11-03,F,chloejackson@example.net,958789479,Privado,2024-04-08
19029762,Bryan,Taylor,1947-06-05,M,ortegaamanda@example.org,992763782,Privado,2022-12-26
78965392,Jacqueline,Bradshaw,1966-01-18,M,edwinwolf@example.com,940603426,SIS,2020-05-07
46127343,Joanne,Abbott,1984-11-20,M,nhernandez@example.org,994385825,Essalud,2025-02-07
91584516,Mary,West,1970-02-12,M,horntheresa@example.org,977339164,Essalud,2020-08-25
33072905,John,Riley,1996-07-16,F,robert28@example.net,974798132,Ninguno,2021-12-26
32804710,Joshua,Mayo,2002-05-10,M,haasalexander@example.org,923735323,Essalud,2020-09-29
72547458,Sandra,Willis,1998-06-17,F,elizabethflores@example.net,980600400,Ninguno,2020-12-03
18152790,Nathan,Newman,1950-01-24,M,triciasmith@example.com,934571026,SIS,2025-04-11
13049559,Alexis,Hart,1973-04-17,F,gmarshall@example.com,908923533,Privado,2024-03-19
29351985,Stephanie,Hernandez,1986-12-15,F,mary42@example.com,906606937,Privado,2021-05-08
40000942,Jennifer,Sharp,1950-09-22,F,ochandler@example.com,903993148,Ninguno,2022-06-05
18759300,Kenneth,Cooke,1941-06-07,M,lonniedelacruz@example.org,941158528,Privado,2020-06-09
94165247,Joshua,Cortez,1984-05-02,F,matthewmiller@example.org,945309186,Ninguno,2023-05-19
92015092,Jenny,Rangel,1981-08-16,F,steven35@example.org,962993098,Privado,2023-02-22
56174145,Carl,Harris,1992-07-10,F,mauricelucero@example.org,948119177,Ninguno,2024-09-10
31838542,Lori,Lane,1958-08-29,M,andreawatts@example.com,923723753,Ninguno,2023-06-10
91967413,Melissa,Brown,1961-03-13,F,thomasbrian@example.net,981996414,SIS,2023-07-12
77505668,Marissa,Davis,1966-12-19,M,peter64@example.net,912180196,Ninguno,2023-06-22
83309929,Eugene,King,1972-11-10,F,wagnernatalie@example.org,940807113,Privado,2020-05-05
44835315,Judy,West,1997-02-10,M,qhutchinson@example.org,991256403,Ninguno,2021-05-28
10395467,Timothy,Jordan,1967-12-10,M,hclark@example.org,968725796,Privado,2021-12-29
28309996,Aimee,Wilcox,1961-05-30,F,aaronfuentes@example.org,904750612,Essalud,2020-03-26
28723701,Jimmy,Glenn,1969-02-03,F,martinezpaula@example.com,908098065,Privado,2021-10-12
13957052,Sarah,Yang,1945-12-17,F,jenniferjones@example.com,920429797,Privado,2020-03-30
90990881,Brandon,Wilkins,1964-09-01,M,morganpatricia@example.com,934844632,Privado,2022-01-07
52887880,Luis,Pacheco,1997-04-24,M,qritter@example.org,931105091,Privado,2021-10-27
46926633,Louis,West,1950-11-01,F,shuynh@example.net,923160297,Essalud,2021-09-17
48752844,Janet,Griffin,1953-10-15,M,christopher60@example.net,988245674,Ninguno,2024-04-17
24392021,Nicholas,Finley,1978-11-28,M,gordonpaul@example.net,941812857,SIS,2024-03-04
35164410,Krista,Gentry,1975-05-25,M,garciajanet@example.net,975808639,SIS,2022-07-07
45804853,Roberto,Nelson,1991-06-25,F,barbara07@example.org,968049624,Privado,2022-11-23
97560068,Daniel,Norris,1956-03-31,F,brichards@example.org,988634303,SIS,2023-04-19
25501095,Cameron,Hicks,1950-08-28,M,jenkinslarry@example.net,908612153,Privado,2025-02-07
49914337,Jose,Parker,1953-09-03,F,jacobfitzgerald@example.com,948365867,Essalud,2023-06-17
35111535,Christopher,Hicks,1996-05-17,M,sharon52@example.com,974588316,SIS,2025-05-26
70137653,Shelley,Carlson,1943-08-09,M,kward@example.com,951221776,Ninguno,2021-03-23
94253536,Jason,Mason,1969-09-22,F,iburke@example.net,974287256,Essalud,2020-09-20
99237439,Christopher,Garcia,1971-12-28,M,rbeard@example.org,954901118,Ninguno,2021-03-16
60235871,Dana,Johnson,1999-12-30,M,william15@example.org,984706176,SIS,2021-04-29
95662347,Carrie,Santana,1962-12-29,M,bglenn@example.com,996961880,SIS,2025-02-14
44781863,Donald,Smith,1944-09-09,F,qturner@example.org,963891079,Ninguno,2020-10-07
13191365,David,Davis,1993-04-26,M,lindacruz@example.org,995190884,SIS,2020-04-21
81027250,Colleen,Obrien,1987-04-23,F,carolwalker@example.org,943398233,SIS,2023-07-16
35741214,Sheila,Moon,2003-09-26,F,jessicabrown@example.net,908817478,Ninguno,2024-06-14
31092513,Marc,Ray,1977-03-01,M,clarktracy@example.org,939137666,SIS,2020-07-27
27560876,Taylor,Nguyen,1977-06-18,M,hallcandice@example.org,940796495,SIS,2024-02-16
28664768,Daisy,Young,1943-05-28,M,dpena@example.org,989216264,Essalud,2021-06-20
87779531,Matthew,Parker,1973-12-25,M,baguirre@example.org,918207085,SIS,2024-09-30
64675976,Jennifer,Smith,1975-02-06,F,jamesreynolds@example.net,910994336,SIS,2024-04-06
88490472,Dean,Tucker,1945-12-31,M,wagnerbianca@example.com,913520388,Privado,2024-06-15
79891766,Kim,Stanley,1966-11-07,M,flamb@example.net,944672142,SIS,2020-12-13
99766611,Michael,Rose,1949-10-22,M,felicia10@example.com,935158993,Ninguno,2022-06-02
24714246,Jennifer,Nguyen,2004-10-10,F,masonalison@example.org,934383823,Privado,2024-01-14
56186077,Nicholas,Perez,1953-11-19,F,jesusrogers@example.com,962087764,Privado,2024-06-26
51377824,Heather,Watkins,1954-08-06,M,caldwellryan@example.org,913115821,Essalud,2020-03-13
12717548,Ryan,Roach,1988-07-21,M,jessicabrown@example.com,944541533,Essalud,2020-07-01
98098575,David,Becker,1982-05-27,M,rgarrison@example.com,959309658,Essalud,2024-01-25
22587219,Anthony,Graham,1950-02-09,F,gregorymarisa@example.com,981076187,Ninguno,2023-08-22
25424024,Steven,Chan,1949-07-26,M,ydaniels@example.org,961857789,Ninguno,2022-04-03
44198950,Brittney,Chaney,1979-12-15,M,jade68@example.com,974108121,Ninguno,2022-06-22
29640407,Brandon,Hicks,1958-08-10,F,isabelcase@example.org,996650160,Ninguno,2023-08-13
44749232,Courtney,Garza,1944-07-26,F,ielliott@example.net,935464843,Ninguno,2022-10-20
50632841,Anna,Montgomery,1993-09-12,M,harrisapril@example.org,974205231,Privado,2021-07-21
20489218,Kaitlyn,Walker,1994-01-22,M,hollowayjessica@example.com,965545414,Ninguno,2021-07-18
86330959,Chad,Short,1943-05-12,M,kristin88@example.com,912747122,Privado,2023-12-20
31678417,Charles,Rogers,1973-03-24,M,alexanderguerrero@example.com,972851932,Ninguno,2022-08-07
75075119,Aaron,Buck,2005-06-08,M,jaclyn38@example.net,985852270,Privado,2022-11-23
30812103,Kevin,Roberts,1984-10-11,M,stanleyamy@example.com,954118103,Privado,2023-03-22
87427759,Angela,Schmitt,1959-11-30,M,jeremiahstevens@example.com,934103202,Privado,2022-07-11
24236706,Danielle,Costa,1983-08-05,F,lindsey50@example.net,930738116,Ninguno,2024-07-20
61313656,Christopher,Villegas,1973-05-09,M,alan13@example.org,927696436,SIS,2025-06-13
22491171,Matthew,Dillon,1998-05-20,F,tracy52@example.net,972033394,Ninguno,2023-02-14
24923111,Henry,Sherman,1973-07-07,M,carol40@example.com,993846056,Ninguno,2021-07-12
93610601,Richard,Whitaker,1968-07-09,M,qsanders@example.net,933479767,Essalud,2022-03-08
12421588,Travis,Conrad,2003-07-19,F,johnsonkathleen@example.com,935138582,Privado,2022-05-20
61039254,Daniel,Lester,1970-05-07,M,rebecca94@example.com,984733072,Ninguno,2021-08-11
48812838,Daniel,Mccarthy,1975-06-06,M,gstevenson@example.com,945246399,Essalud,2024-03-01
89552067,Edward,Whitaker,2001-09-05,F,davidsantiago@example.com,957393448,Ninguno,2021-10-01
90198947,Danny,Smith,2002-08-05,M,darrell08@example.net,951037430,Essalud,2024-06-03
44260956,Angela,Johnson,1976-06-29,F,yolandawalker@example.net,987829768,SIS,2025-01-21
44310901,Lauren,Moreno,1943-12-20,F,ysalazar@example.org,970626251,Ninguno,2023-04-12
39254621,Michael,Johnson,2005-04-17,F,rebekahpatel@example.net,985831143,Essalud,2025-04-13
89214976,Samantha,Johnson,2004-09-13,F,lrodriguez@example.net,969842697,Privado,2020-11-30
51627262,Joseph,West,1979-12-28,F,wparker@example.org,926999753,SIS,2023-08-15
43116165,Paul,Garcia,1965-05-14,M,swilliams@example.net,988612322,Essalud,2020-07-23
90604212,Maxwell,Goodman,1989-04-06,F,bowersnicole@example.net,992048182,Privado,2022-07-20
87010930,Jason,Mendoza,1942-11-02,F,scunningham@example.com,904593839,Ninguno,2021-11-01
44368890,Tina,Reed,1960-08-07,M,amy39@example.org,954907228,Ninguno,2021-04-13
43444517,Tyler,English,1969-11-16,M,alopez@example.net,929014561,Privado,2023-02-16
59369040,Martha,Pope,2002-01-31,M,lloydsean@example.com,949825409,SIS,2023-04-09
31008355,Lisa,Gutierrez,1991-01-25,M,smithjeffrey@example.org,969797681,Essalud,2023-02-20
53107263,Haley,Smith,1944-06-01,M,michael95@example.org,959535012,Ninguno,2020-05-02
26477244,Ernest,Pugh,1940-12-21,F,hmiller@example.net,964956775,Essalud,2021-07-10
83469619,Jennifer,Thompson,1997-01-14,F,cboone@example.org,981743521,Ninguno,2021-06-06
71013244,Leslie,Rodriguez,1952-07-27,F,gpotts@example.net,947420568,SIS,2024-01-02
85015160,Jaime,Lucero,1997-08-11,F,victor65@example.org,955605477,Essalud,2024-04-23
82879712,Dawn,Welch,1947-06-15,F,crawfordmeghan@example.org,939139367,Essalud,2020-05-31
56525247,Kaitlyn,Carter,1995-07-10,M,christine64@example.net,965694947,Privado,2025-02-17
73442134,James,Anderson,1995-05-10,M,debra44@example.net,942568548,Privado,2021-12-05
91785463,Michael,Anderson,1950-11-12,F,carmengray@example.net,965740111,Privado,2025-04-03
83576366,Andrea,Lewis,1947-02-18,F,taylorwalker@example.net,935639687,Essalud,2022-06-22
17968327,Stephanie,Maldonado,1976-09-06,F,crystal66@example.net,979042305,SIS,2023-12-28
98084230,Robert,White,1997-04-17,M,rothkaren@example.org,999583565,Ninguno,2025-03-11
44512602,Vincent,Santiago,2003-08-19,F,snowjack@example.net,923502206,Essalud,2021-11-21
54834477,Kristy,Butler,2002-04-21,F,cpayne@example.com,926601252,Privado,2025-05-29
51119748,Nicholas,Moreno,1962-02-12,M,alexanderdiaz@example.net,916601905,SIS,2022-12-21
89800338,Christopher,Garrison,1973-06-25,F,stanley36@example.org,977005220,Ninguno,2021-12-11
42956997,Dan,Webb,1988-09-03,F,thompsonkathleen@example.net,984300148,Ninguno,2020-04-26
57327180,Judith,Russell,1970-03-22,M,sarah27@example.com,909322052,Essalud,2023-10-03
91256203,Gregory,Lozano,1972-03-19,F,dickersonmichael@example.net,975873033,Ninguno,2024-06-21
29998903,William,Smith,1988-10-24,M,owenssusan@example.com,911111565,Privado,2022-08-15
65522979,Richard,Fernandez,1989-06-28,F,fgonzalez@example.org,951257453,Ninguno,2022-03-22
85258251,Paul,Neal,2002-09-03,F,nlopez@example.net,999955064,Privado,2021-12-17
36253439,George,Burns,1991-08-01,F,crystal62@example.org,995919428,Essalud,2024-12-27
96339748,Christine,Woods,1955-04-27,F,robinsonzachary@example.com,914173536,Ninguno,2021-03-30
38838652,Jaclyn,Atkins,1978-08-23,M,sandy62@example.net,946683795,Ninguno,2021-09-19
71427625,Erik,Harvey,1974-01-26,M,madeline12@example.net,936227687,Ninguno,2022-07-22
69946612,Jerry,Howell,1996-03-31,F,ashleywong@example.com,930918444,Essalud,2024-02-22
25472044,Gregory,Rivera,1945-06-08,M,kathleen59@example.com,976380866,Essalud,2023-12-20
32700606,David,Johnson,1941-11-28,F,qhoffman@example.com,954537935,Privado,2022-05-14
63343800,Becky,Bolton,1960-10-31,M,bruce02@example.org,937991992,Ninguno,2022-05-20
23187976,Jake,Gillespie,2002-10-24,M,rogersdeborah@example.com,917417826,SIS,2021-07-08
93732814,Jasmine,Cole,1976-06-24,M,mariapatterson@example.com,925145419,Essalud,2025-01-20
18076289,Alexandra,Mendez,1958-06-10,F,fchung@example.net,952320734,SIS,2024-01-23
31097023,Jasmine,Pearson,1962-08-09,F,barry47@example.org,985314999,SIS,2025-04-24
20703072,James,Richardson,1952-03-06,F,youngtammy@example.com,966867931,Ninguno,2024-05-28
57471313,John,Tyler,1987-05-31,M,bergkara@example.org,946343783,Ninguno,2024-09-24
64767563,Michelle,Hudson,1955-08-15,M,matthewwoods@example.com,947297630,Ninguno,2023-10-18
23746811,Jennifer,Richardson,2000-08-13,M,nnash@example.net,927584004,Ninguno,2025-02-23
74691037,Patrick,Watson,1987-09-24,M,hectorchavez@example.com,987703039,Ninguno,2021-03-15
34447893,Marcus,Lin,1943-10-03,F,hannah11@example.net,980703458,SIS,2021-09-02
38669850,Jamie,King,1999-02-23,F,ryansmith@example.com,970241857,Essalud,2024-11-25
94822636,Christopher,Short,1943-04-14,M,watsonlouis@example.net,996836752,Ninguno,2022-05-23
83017198,Douglas,Short,2004-06-19,F,oliverjoseph@example.org,932005503,Privado,2022-07-30
59954150,Nathan,Hoffman,1980-08-09,F,carterjames@example.net,900079704,Essalud,2024-02-17
49977445,Brandy,Simmons,1956-04-29,M,amberdunn@example.com,971891302,Privado,2020-07-21
55005426,Matthew,Morrison,1988-08-22,M,joe45@example.net,904092707,SIS,2021-01-06
45802999,Gary,Green,2000-10-23,M,nicholas30@example.org,917286557,SIS,2022-01-09
16994295,Karen,Morgan,1991-11-21,M,jeremyjohnson@example.com,938109811,Privado,2023-03-12
64827992,Danny,Gonzalez,1973-08-23,F,tiffany50@example.org,988329955,Ninguno,2025-03-22
82971805,Kevin,Howell,1979-09-20,M,crosbybailey@example.net,992567853,Ninguno,2020-11-27
16389497,Angela,Hodge,1983-04-10,F,andrew78@example.net,978886760,Ninguno,2022-05-21
89974671,Anne,Torres,1958-02-20,F,april30@example.net,975649901,Privado,2023-05-14
83414219,Arthur,Webster,1946-12-26,F,rebecca52@example.com,932170019,Essalud,2024-02-29
43872026,Desiree,Miller,1987-11-13,F,petersonjohn@example.com,954272747,Essalud,2020-05-30
67196034,Tracey,Peterson,1957-07-25,M,davidweber@example.org,979940363,SIS,2023-02-24
99002097,Bruce,Walsh,1959-08-09,M,erikaconrad@example.org,904657282,SIS,2021-09-27
14478578,Trevor,Ashley,1981-09-16,F,burnettcourtney@example.net,939451468,SIS,2022-06-17
80765128,Jeffrey,Sampson,2002-01-03,F,kimberly11@example.com,938430076,Privado,2024-10-03
66155702,Timothy,Dawson,2005-03-23,M,crodriguez@example.org,971569103,Privado,2023-05-25
72769291,Molly,Mcintosh,1950-10-28,M,shernandez@example.org,962996992,Privado,2023-01-08
91060029,Adam,Blair,1952-03-15,F,qdougherty@example.net,977226516,Ninguno,2023-11-11
12852795,Alex,Anderson,2001-03-28,F,duranerik@example.org,917819772,Essalud,2022-04-11
36183595,Mark,Bell,1950-04-20,F,haynesmichael@example.com,994431771,Ninguno,2023-11-30
90110040,Ellen,Faulkner,1943-01-02,M,thorntonangela@example.com,900331165,Ninguno,2023-06-10
74911794,Scott,Wolfe,1990-10-22,M,madison53@example.org,904903278,Privado,2023-01-11
68240486,Clifford,Cole,1967-08-04,M,lindacox@example.net,912681411,Essalud,2020-02-01
24630321,John,Chavez,2000-06-06,M,timothy94@example.com,916124413,SIS,2022-10-22
57597475,Blake,Jensen,1989-01-07,F,jacqueline23@example.com,956714793,SIS,2022-04-20
23075540,Jennifer,Farmer,1979-03-31,M,sean25@example.org,932793176,Essalud,2024-08-19
52722637,Melissa,Scott,1989-08-19,F,jonessean@example.com,974840388,Ninguno,2020-11-08
22689020,Barbara,Griffin,1980-09-01,F,macktasha@example.org,949366829,Essalud,2021-08-14
62847510,Johnny,Nelson,2000-01-20,F,wilsonstephen@example.org,927353940,Ninguno,2025-01-06
36172104,Terri,Baker,1980-11-30,F,brianoliver@example.com,941344423,Essalud,2023-02-18
79051461,Susan,Jones,1947-01-10,F,alejandra28@example.com,912382065,Privado,2020-10-19
60565029,Mario,Smith,2000-03-31,M,robertking@example.com,998865495,Essalud,2023-04-13
85206555,Leslie,Lucero,1986-02-01,M,ehuang@example.com,936579992,SIS,2023-12-20
36588141,Joshua,Newman,1967-11-13,M,jharris@example.net,995937574,Privado,2024-05-13
69626832,James,Harrison,1976-01-05,F,alicia33@example.org,973856913,Privado,2023-05-02
42372768,Patricia,Davis,1997-02-09,M,raymondwilliams@example.org,934424498,Essalud,2024-01-09
80784830,Marcus,Daniels,1950-04-04,F,brucelee@example.net,976604243,Essalud,2024-05-18
33623174,Brady,Osborne,1979-09-11,F,kevinmartinez@example.net,961102840,Privado,2023-07-05
11240174,Elizabeth,Martin,1995-01-19,M,xbennett@example.net,959236481,Ninguno,2021-12-01
38667702,Nicholas,Coleman,1953-07-14,F,hatfieldjuan@example.com,999520808,Essalud,2023-02-27
77020648,Rachel,Miller,1972-10-30,F,gwhite@example.org,959367930,Ninguno,2022-06-11
85492640,Veronica,Thomas,1968-08-06,F,nicole86@example.com,966490856,SIS,2023-01-13
29837615,Stephanie,Francis,1993-02-14,F,robinsonsheri@example.org,975628977,Privado,2020-03-20
79777077,Rebecca,Green,1962-10-28,M,josephhale@example.net,962351579,Essalud,2022-04-07
67996377,Christopher,Soto,1973-01-03,F,katherine88@example.org,904712347,Privado,2022-03-24
48161281,Louis,Kim,1960-06-27,F,mcooper@example.org,905337154,Privado,2023-10-09
67063561,Michael,Wells,1947-01-19,M,hbowman@example.com,967764523,Essalud,2022-08-31
14494716,Jennifer,Watts,1966-09-27,M,frank62@example.net,913346913,Essalud,2020-09-26
49470902,Rachael,Smith,1960-09-28,F,rogerherrera@example.net,920024610,Privado,2025-03-21
83247940,Cameron,Reese,1960-06-27,F,brianna72@example.org,991330355,Essalud,2024-08-11
41185017,Michelle,Nicholson,1966-01-31,M,rrogers@example.org,912136670,Ninguno,2024-09-06
52661291,Rodney,Hale,1952-04-21,F,gward@example.org,980682960,SIS,2025-02-03
50553929,Lucas,Marshall,1972-06-30,M,rhenderson@example.com,999318555,Essalud,2024-11-09
50943296,Rachel,Abbott,1942-11-05,M,richard68@example.com,989702965,SIS,2023-11-13
89628383,Micheal,Little,1956-05-25,F,calvin79@example.com,913219648,Privado,2020-07-24
54933879,Richard,Rivers,1940-01-15,M,travissimmons@example.net,968083070,Privado,2021-11-02
70262661,Anita,Cruz,1997-06-30,M,paul00@example.com,972338538,Essalud,2020-12-18
90789634,Diana,Gill,1996-12-09,M,mark23@example.com,931995860,SIS,2022-05-06
35812604,Christina,Horton,1955-06-26,F,markcarson@example.net,939362843,Privado,2022-09-01
68229075,Laura,Kemp,2001-11-17,F,jeremiah15@example.net,959523370,SIS,2020-03-04
87592775,James,Erickson,1998-02-15,F,ramirezdorothy@example.net,917837267,SIS,2025-06-17
82093902,Nicholas,Vaughn,1990-05-11,F,ocontreras@example.org,947222286,Ninguno,2023-03-13
40398104,Shelia,White,1983-10-11,F,cmills@example.net,912574355,Essalud,2021-01-29
87340702,Susan,Diaz,1949-01-14,M,donaldfloyd@example.org,997585518,SIS,2025-05-10
29614925,Jessica,Davis,1976-11-16,M,michaellandry@example.org,993240554,SIS,2024-02-09
44451075,Eugene,Khan,1996-01-28,M,diazmelissa@example.com,901580803,Privado,2022-05-28
21126528,Sarah,Brock,2003-12-06,M,parkerandres@example.com,968383140,SIS,2022-09-19
44822250,Adam,Villa,1952-10-25,F,ymorrison@example.net,956683310,Ninguno,2021-11-11
18491211,Lorraine,Yates,1969-06-19,F,gfields@example.net,991038299,SIS,2022-11-01
59953791,Douglas,Williams,1947-09-01,M,nicholsdebra@example.org,912891319,SIS,2023-09-12
33033140,Kathy,Brewer,1940-06-28,M,dlane@example.org,932906453,Essalud,2020-05-02
78897365,Jennifer,Charles,1994-04-01,F,cassandrafoster@example.com,947123865,SIS,2022-03-29
32592676,Sarah,Santana,1987-03-10,F,barbara36@example.net,993505434,SIS,2024-12-29
48487932,Frank,Mathews,1965-05-10,F,vwarner@example.net,917973173,Privado,2024-09-15
84058171,Daniel,Thomas,1948-11-21,M,smithmatthew@example.net,983582670,Essalud,2023-09-20
89361494,Mark,Wallace,1977-11-08,F,tjones@example.net,952239846,Ninguno,2021-04-26
56759560,Tracy,Mcgrath,1974-05-19,M,cgregory@example.net,924925866,SIS,2020-07-20
66200803,Zachary,Miller,1968-02-10,M,courtney07@example.net,908861170,Ninguno,2023-07-28
76028262,Jacqueline,Silva,1970-09-14,F,ramirezmegan@example.org,914587956,Privado,2024-04-30
77026646,Diana,Graves,1989-08-22,M,kara81@example.net,943244416,SIS,2023-04-29
83683655,James,Bauer,1946-04-12,F,cindyhall@example.org,940349739,Privado,2025-03-31
18831516,Linda,Tapia,1981-09-26,F,dmarshall@example.com,956139540,SIS,2020-06-15
58605117,Joshua,Simmons,1986-05-28,M,brittany71@example.com,980201181,SIS,2022-01-31
64770846,David,Stewart,1959-06-10,M,brittney22@example.org,911108521,Essalud,2020-05-12
49070117,Felicia,Smith,1976-02-09,F,pwatson@example.net,954056445,Privado,2022-09-10
55305143,Austin,Hawkins,1972-01-18,M,cortezluis@example.net,908844710,Privado,2024-06-17
79635255,Leslie,Garcia,2004-03-04,M,alexander38@example.net,984406943,Essalud,2023-03-07
62388845,Rachel,Graham,1993-03-12,M,pattersonmelissa@example.com,903618475,Ninguno,2023-04-20
40257970,Tiffany,Martinez,1999-11-14,M,clinemark@example.org,936615539,Essalud,2023-11-29
50683642,Ricky,Andrews,1985-08-10,M,larsonjulie@example.org,910459090,Ninguno,2024-03-05
79045550,Mary,Williams,1988-10-10,M,johnsonchristy@example.net,912513153,Essalud,2023-04-20
86629658,Randy,Gonzalez,1944-03-17,F,davidgallagher@example.org,982364558,Privado,2023-10-13
31867646,Ariana,Washington,1945-04-17,F,kimberly09@example.org,936351317,SIS,2025-02-09
87418675,Christina,Evans,1995-07-30,F,xgolden@example.com,966839117,Ninguno,2022-05-19
55328233,Lisa,Fisher,2002-11-24,F,fkaufman@example.org,941403419,SIS,2024-09-28
27588209,Ashley,Collins,2000-11-29,M,derekmarshall@example.com,926039088,Ninguno,2023-03-27
94458125,Jean,Rangel,1954-08-12,F,josephmartin@example.net,955439834,Privado,2021-11-20
18724067,Kelly,Nichols,1957-08-18,M,raymond02@example.com,902451165,SIS,2025-06-19
14898106,Jason,Ingram,1955-10-19,M,yangjennifer@example.net,966500822,Essalud,2024-10-16
82940755,Amanda,Donaldson,1948-07-26,M,garciasean@example.net,927166187,Essalud,2023-12-18
25941706,Logan,Erickson,1956-03-18,F,umyers@example.net,949200511,Essalud,2021-10-03
67161766,Allen,Medina,1987-04-20,M,brian80@example.org,922528100,Essalud,2021-06-21
30117482,Joseph,Henry,1957-10-04,M,pauljackson@example.com,995960578,Privado,2021-08-13
76821889,Jill,Nicholson,1965-06-16,F,alejandro87@example.org,957644408,Essalud,2022-06-28
72950733,Theresa,Chapman,1982-07-20,M,ylynn@example.org,926833424,Privado,2024-01-31
82110931,Zoe,Briggs,1952-02-26,F,brownmary@example.com,996559630,Privado,2020-06-14
96517807,Mark,Harvey,1954-08-07,F,greenchristopher@example.net,972056680,Essalud,2022-10-07
64404200,Matthew,Allen,1960-01-04,F,kristin68@example.com,929329444,SIS,2024-03-16
22162414,Linda,Wilson,1982-06-11,M,mary06@example.org,955284947,Essalud,2021-07-20
64333529,Frederick,Obrien,1976-05-15,M,hhall@example.net,951064241,Ninguno,2021-12-10
92225849,Michael,Rogers,1984-09-01,F,michaelbradshaw@example.com,930970918,Essalud,2020-11-06
15611353,Renee,Williams,1942-07-17,F,wmullen@example.net,916196388,SIS,2025-03-02
78505044,Tiffany,Williams,1945-05-21,F,eellis@example.com,991817411,Essalud,2022-01-23
82864306,Craig,Santiago,1960-01-12,M,laura38@example.com,911714217,Essalud,2024-04-29
95591263,Michael,Allen,1989-07-02,F,nicoleriley@example.net,972028492,Privado,2024-02-27
26141956,Randy,Washington,2003-10-20,M,kevinwright@example.com,998713210,SIS,2024-03-07
73347645,Timothy,Gonzales,1966-05-12,M,colleenroberts@example.net,955445460,Essalud,2025-04-24
30323486,Joshua,Martin,1949-04-16,F,katherinescott@example.org,923355240,Ninguno,2020-10-22
87817275,Erika,Wells,1941-11-05,F,kathleen80@example.com,999977966,Ninguno,2022-12-22
54058418,Christopher,Richards,2001-03-13,M,kaitlinchang@example.net,901584254,Essalud,2023-11-28
23851610,Carl,Zimmerman,1970-04-16,F,davisantonio@example.com,985773173,SIS,2021-08-21
49003523,Travis,Greer,1987-09-08,M,seanhamilton@example.org,930336736,Essalud,2024-01-28
68908863,Michael,Johnson,1977-05-18,F,fbowen@example.org,961358772,SIS,2025-01-22
90157631,Michael,Baker,1981-06-28,F,kirbyrachel@example.org,908949460,Ninguno,2023-12-02
51534523,Annette,Welch,1959-01-20,M,bentonmark@example.com,982302568,Ninguno,2021-05-14
60119304,Melissa,Powell,1999-07-21,M,rjohnston@example.org,978990641,Ninguno,2021-03-15
76694769,Kevin,Hayden,1947-08-18,M,perezjonathan@example.org,968093560,Ninguno,2024-07-22
54002750,Aaron,Lee,1985-09-26,F,ibush@example.com,954667672,SIS,2021-06-05
88166098,Miguel,Ramirez,1983-10-26,F,patricia41@example.net,995434585,Privado,2023-12-01
23268582,Adrian,Elliott,1962-03-03,F,johnstonbeverly@example.com,945265664,Privado,2024-06-13
87474461,Emily,Williams,1941-07-23,F,ihendricks@example.net,943567632,Privado,2020-03-28
14721356,Ashley,Harris,1996-06-25,M,marclewis@example.com,956275339,SIS,2021-02-23
39541573,Pamela,Zimmerman,1993-06-18,M,opadilla@example.org,934857416,Essalud,2023-04-04
18287540,George,Roth,1979-06-28,M,qanderson@example.org,972425781,Privado,2021-05-12
62192034,Karina,Conley,1964-07-02,F,eric93@example.net,914624005,Ninguno,2024-04-30
50578708,Nicole,Mcfarland,1946-07-24,M,croach@example.org,961935270,SIS,2020-09-19
27254746,Katie,Lopez,1979-10-03,F,nichole69@example.net,964883984,Essalud,2022-12-24
77182705,Denise,Williams,1951-12-09,F,lorraine28@example.com,918891026,Essalud,2025-02-12
28115746,Alan,Berry,1956-04-25,F,robertmcintyre@example.com,969857200,SIS,2024-12-01
39855737,James,Taylor,1940-12-11,F,sarah62@example.com,997936255,SIS,2021-09-01
83603087,Ashley,Townsend,1966-07-22,F,smahoney@example.org,988276218,SIS,2025-05-19
96819389,Nathaniel,Robertson,1983-02-17,M,joseph56@example.com,901634362,Essalud,2024-04-04
90386304,Denise,Hall,2005-09-10,M,ryanjohnson@example.com,960905298,SIS,2024-11-01
53820652,Juan,Rice,1947-07-29,M,aaron06@example.com,914436045,Ninguno,2025-06-23
97064077,Brian,Smith,1990-05-16,M,laura08@example.net,938381276,Essalud,2023-04-21
79166519,Ashley,Powell,1946-10-26,F,jsmith@example.net,919172982,Privado,2023-06-19
98581119,Juan,Garcia,2001-11-02,M,brendajenkins@example.net,919559612,Ninguno,2021-10-06
88888866,Christine,Munoz,1976-05-27,F,gregory05@example.net,926884601,Essalud,2021-01-03
11374187,Michael,Montoya,1946-09-27,M,tmyers@example.com,954805571,Ninguno,2022-06-05
94793043,Lance,Adams,1966-04-13,M,stephanie91@example.com,986130479,Essalud,2025-03-12
74588535,Sarah,Ryan,1984-09-21,M,julie63@example.net,991669693,Essalud,2022-02-16
63342449,Theresa,Murray,1961-09-12,F,tonyafisher@example.net,927599830,Ninguno,2023-02-06
46440744,Robert,Harris,1970-03-26,M,matthewfoster@example.net,949773681,Essalud,2024-06-25
93199194,Ana,Hall,1961-10-11,M,egreene@example.net,942597012,Ninguno,2024-08-17
25910166,Robert,Walker,1965-07-19,M,jbaker@example.org,923199194,Essalud,2023-03-15
78530121,Chris,Murphy,2001-10-25,F,sherrigarcia@example.com,905335298,Privado,2025-03-20
83945979,Christian,Brown,1976-08-01,F,jaime12@example.org,996702317,Ninguno,2022-01-01
98194944,Jacob,Davidson,1970-06-05,F,christianmegan@example.net,997534548,Privado,2022-10-08
12689062,Clayton,Brown,1964-11-26,M,athompson@example.net,960297747,SIS,2023-03-12
88356196,Wanda,Brennan,1951-03-08,F,janet76@example.com,905567589,Privado,2023-06-22
94322505,Hannah,Franklin,1954-08-29,F,jhudson@example.com,983617540,Essalud,2020-01-09
70568056,Amy,Hayden,1965-10-18,F,hollandpaula@example.org,933873672,Privado,2023-12-13
35523513,Christopher,Parker,1944-08-19,F,collinsstephen@example.net,983813136,Privado,2021-12-19
82789943,Shawn,Rose,1943-10-26,M,flang@example.org,947290685,Ninguno,2023-06-28
15577813,Michael,Hernandez,2004-04-03,M,lisa97@example.org,901440170,Essalud,2023-06-01
41263118,Chad,Brown,1966-05-06,F,randerson@example.com,986802197,Essalud,2022-10-29
12327872,Crystal,Lopez,1987-09-12,F,martinapril@example.org,967262191,SIS,2023-02-12
93126962,Hannah,Ray,1959-02-17,M,alexsmith@example.com,919102996,Privado,2023-01-28
60662257,Stephanie,Martin,2001-07-24,M,luis03@example.org,956986437,Ninguno,2021-02-22
34808325,Michelle,Smith,1988-02-19,M,kevin12@example.com,999123260,Essalud,2024-02-04
59575293,Jeffrey,Murray,1959-01-11,F,gzuniga@example.net,927870550,Essalud,2021-04-15
43903604,Michele,Smith,1949-04-07,F,christina89@example.net,998911258,Ninguno,2020-11-27
83936265,Aaron,Arellano,1956-03-02,M,chelseatorres@example.org,965354690,SIS,2020-05-09
17526080,Eric,Barnes,1983-06-01,M,preed@example.com,980945461,Privado,2022-08-06
80207145,Vanessa,Peters,1986-04-05,F,vanessawilson@example.org,990871247,Essalud,2020-12-30
20739295,Elizabeth,Hamilton,1942-11-07,F,dpennington@example.org,931620555,Ninguno,2021-03-23
64082568,Rebecca,Ford,1974-05-20,F,emilylyons@example.net,985935429,SIS,2020-10-27
33097531,John,Wang,1947-11-25,M,mark09@example.net,919975067,Ninguno,2021-10-05
35116367,Lori,Wilson,2001-01-30,F,ericvargas@example.com,986848093,SIS,2025-02-03
79029516,James,Jones,1952-06-17,F,vturner@example.org,979863688,Privado,2024-01-23
94248514,Catherine,Smith,1960-01-12,M,vcohen@example.com,988756002,Ninguno,2023-07-21
30517389,Melissa,Bryan,1999-11-20,F,bsanchez@example.org,921909742,Privado,2022-06-05
38589731,Michael,Cisneros,1962-03-01,F,nherring@example.com,936232960,SIS,2025-01-03
11639066,Alice,Bean,1970-02-13,F,orodriguez@example.net,989879869,Ninguno,2021-12-21
76123530,Joseph,Hill,1968-01-01,F,crawfordlauren@example.com,961396305,Ninguno,2020-01-29
39675906,Paul,Rogers,1957-11-26,F,christieklein@example.net,901083513,SIS,2024-11-07
65216217,Vicki,Waller,1991-07-04,F,pmartinez@example.net,959868268,Ninguno,2022-02-28
63686882,Raymond,Nunez,2001-03-27,F,kellyfitzgerald@example.net,951885175,Privado,2025-01-12
33071998,Stacey,Stokes,1948-04-15,M,georgejonathan@example.org,924731905,Essalud,2024-03-29
31599409,Calvin,Reed,1993-04-18,F,ingrambrooke@example.net,924283079,Ninguno,2020-08-09
49333744,Katie,Martin,1956-05-12,M,hamiltonmelissa@example.com,991964608,Privado,2022-03-09
98002888,Lorraine,Herman,1961-11-11,F,watersryan@example.net,919392804,Privado,2022-09-27
61418158,Ronald,Chang,1980-08-10,M,kgarcia@example.net,987681794,Essalud,2023-07-26
55188873,Crystal,Wilkins,1985-03-13,F,steven61@example.com,967239540,SIS,2022-01-31
84305296,Bridget,Livingston,1977-01-21,M,natashacordova@example.org,980262033,Privado,2023-06-21
98036364,Martin,Harris,1948-07-19,F,schmidtjessica@example.org,961564395,Essalud,2021-06-24
62615420,Sandra,Henry,2002-08-25,M,brownnancy@example.net,927317058,Ninguno,2024-11-03
45999604,Cynthia,Walker,1991-05-07,F,allen12@example.net,929802966,Ninguno,2021-12-05
87882547,Daniel,Lopez,2005-08-28,F,donald61@example.org,934439143,Essalud,2022-10-13
53320672,Erin,Hoffman,1997-01-02,M,kingkelsey@example.com,937116371,SIS,2024-02-13
81603204,Nathan,Bailey,1955-05-27,M,ncarter@example.net,994118994,Privado,2023-12-28
66029136,Jennifer,Lewis,1970-10-01,M,utaylor@example.net,963332166,Privado,2022-09-17
42949508,Andrew,Hoffman,1996-03-31,M,zachary06@example.org,936295789,Ninguno,2021-07-29
96155539,Melanie,Lawrence,1998-08-26,F,hughesrenee@example.org,958725905,SIS,2025-03-24
97960688,Walter,Hudson,1987-10-16,M,xarnold@example.org,959645354,Essalud,2023-09-10
25655584,Kim,Spears,1959-08-05,F,rebeccaharvey@example.com,963591130,Essalud,2020-05-31
53680493,Jenna,Stevenson,2001-12-16,M,michaelwright@example.net,936017962,Ninguno,2021-11-12
59433054,John,Williams,1989-10-15,F,mcintyrerhonda@example.com,966448916,SIS,2024-05-23
56154695,Ellen,Huber,1970-03-10,M,jesse69@example.org,902046005,Ninguno,2021-08-06
73614640,Brenda,Petty,2004-11-22,M,kevin48@example.org,915887845,Ninguno,2022-07-25
59785260,Zachary,Miller,1949-11-29,F,dylanperez@example.org,913800933,Essalud,2024-01-21
42072269,Mary,Myers,2005-12-23,F,chelsea11@example.net,903772612,Privado,2020-03-02
30948243,Sandy,Mills,1991-07-23,M,joannasimon@example.org,939152726,Privado,2024-06-22
76576675,Catherine,Kelly,1962-09-30,F,beth47@example.com,967934496,Privado,2023-11-19
45998482,Randy,Smith,2000-11-10,M,kennethgallagher@example.org,909357889,Ninguno,2022-07-01
52186444,Sean,Campbell,1956-02-04,F,harriskathy@example.net,993935581,Privado,2022-04-04
21402203,Kristina,Lee,1992-10-26,M,samanthaperez@example.org,917780489,Privado,2024-03-16
38336375,Jose,Carter,1985-03-17,M,keithrivera@example.com,934678219,Essalud,2023-12-03
15683847,Kimberly,Gonzalez,1981-10-09,F,christina93@example.net,949176013,Essalud,2024-01-24
14581137,Jessica,Pearson,1940-02-09,F,richard83@example.com,955689826,Privado,2022-05-27
40007921,Megan,Payne,1950-05-23,F,jessicacervantes@example.com,962311430,SIS,2022-01-29
44381720,Tiffany,Barnes,1983-09-06,M,moorekarina@example.com,906594621,Essalud,2022-11-19
38452640,John,May,1944-08-12,F,davisduane@example.net,946511990,Ninguno,2021-03-10
24306856,Samantha,Macias,1977-04-27,F,gracehudson@example.net,932138579,Essalud,2024-11-24
34618448,Thomas,Mcfarland,1970-01-26,F,maxrivera@example.com,993133103,Privado,2021-06-10
99742406,Sandra,Patterson,1979-04-04,M,bbowman@example.com,969463846,Essalud,2022-04-05
22712036,David,Hamilton,1955-01-09,M,harrismark@example.com,945295543,Ninguno,2023-03-07
48675822,Jennifer,Price,1994-02-28,F,eduardo10@example.net,975244589,Privado,2021-12-02
67206221,Melissa,Smith,1986-11-30,M,pamelathompson@example.com,926728605,SIS,2025-05-08
10339664,Zachary,Taylor,1947-01-20,M,kathy04@example.com,934480711,Privado,2024-04-27
30559088,Jason,Kelley,1950-01-19,M,douglasalexander@example.com,925449275,Privado,2020-07-10
61355468,Nicole,Shah,1942-10-13,M,adriangonzalez@example.net,901281451,SIS,2024-04-07
69292957,Justin,Edwards,1957-03-25,M,alyssasnyder@example.org,941136406,SIS,2022-02-02
75556654,Elizabeth,Clark,1974-03-27,M,michaelcarpenter@example.org,958612597,Ninguno,2022-10-05
67950608,Brandi,Rodriguez,1984-12-06,F,adamsdavid@example.com,977052253,Ninguno,2023-06-19
57093644,Richard,Roberts,1982-09-19,M,fkey@example.net,935066368,SIS,2021-03-15
96913689,Michael,Miller,1987-06-12,F,choward@example.org,917913229,Essalud,2025-01-28
49717681,Charles,Hendrix,1973-12-08,F,ischroeder@example.com,987624209,Privado,2023-04-17
79428218,Jeffery,Weaver,2000-11-07,F,erin63@example.org,907909769,Essalud,2021-02-07
20122933,Nicholas,Lewis,1963-01-30,F,hlewis@example.org,937204978,Ninguno,2021-09-07
33856599,Anthony,Patel,2005-11-21,F,millertonya@example.net,978403172,Ninguno,2023-08-19
94132817,Aaron,Duncan,1974-10-05,F,thomas09@example.net,942439753,Privado,2023-01-24
66532621,Denise,Ford,1984-01-27,F,gonzalezrhonda@example.com,929977658,Privado,2021-12-31
15079989,David,Weiss,2005-10-02,F,ncuevas@example.net,990800818,Essalud,2023-01-02
40504525,Travis,Johnson,1972-05-26,M,timothy15@example.net,986147156,SIS,2023-10-01
54451276,Susan,Durham,2003-08-24,F,mendozadarren@example.com,991591100,SIS,2020-08-16
80817869,Sean,Graham,1966-04-15,M,david70@example.com,909069768,Essalud,2022-06-19
36525636,Bryan,Scott,1996-02-08,F,sphillips@example.org,930762400,Ninguno,2021-01-22
53275992,Raymond,Donovan,1949-11-17,F,dwilliams@example.net,978076573,Ninguno,2021-08-16
13826396,Cheryl,Schneider,1962-12-07,M,james08@example.net,922244867,Privado,2021-04-09
96259152,Misty,Smith,1955-02-01,M,timothyfrederick@example.org,945096399,Essalud,2021-04-21
91033145,Richard,Franklin,1941-02-06,F,zsmith@example.org,961483677,Essalud,2021-07-09
41392956,Charles,Richards,1994-03-07,F,aolson@example.org,904381708,Ninguno,2023-07-26
24697258,Jessica,Moon,1949-12-10,F,townsendmarco@example.org,946470529,SIS,2023-01-10
70584758,Juan,Berry,1953-03-06,F,keithclark@example.org,910391137,Privado,2023-08-04
92130251,Maria,Mitchell,1972-03-21,F,gonzalezrobyn@example.com,970689636,Ninguno,2021-04-29
79491714,Alexandra,Huang,1964-07-12,M,jonathancooper@example.com,970352214,Ninguno,2020-10-16
38255525,Ashley,Lewis,1995-06-26,F,lhebert@example.org,973351173,Ninguno,2023-10-18
73264510,Theresa,Burnett,1968-06-17,M,stricklandanthony@example.org,964989389,Privado,2020-03-07
68697267,Brian,Alexander,2000-03-21,M,pattersondiane@example.net,958339745,Ninguno,2023-06-28
74190877,Jacqueline,Graves,1974-12-13,F,kyle98@example.net,961280811,Essalud,2022-06-24
69821966,Tiffany,Robles,1978-10-08,M,johnortiz@example.com,905745537,SIS,2025-04-08
57869041,Jason,Robinson,1964-01-02,F,unixon@example.net,944442761,Essalud,2025-01-26
26352581,Jeremy,Pratt,1962-01-20,M,johnoneill@example.com,947913274,SIS,2020-12-23
33043469,Eric,Reynolds,1977-06-07,F,christopher55@example.com,984202913,Essalud,2022-12-08
96726452,Luis,Williams,1955-12-15,F,latasha97@example.net,943254676,SIS,2023-07-21
25758628,Kyle,Holmes,1945-02-12,M,johnsonmichelle@example.net,911870875,SIS,2025-04-14
94709553,Brian,Rice,1952-10-21,F,maryfuentes@example.com,987662433,Essalud,2024-07-08
70460160,Dennis,Waters,1943-01-27,F,katrina84@example.net,927918588,Ninguno,2021-12-26
12508459,Peggy,Evans,1952-02-02,F,markduncan@example.com,978625259,Ninguno,2023-10-02
40841321,Gina,Reyes,1999-12-28,F,vhawkins@example.org,963641937,Privado,2023-09-04
88589988,James,Snyder,1974-05-09,F,leematthew@example.net,955680380,Essalud,2025-06-01
19532165,Jared,Graham,1971-06-13,F,andrew58@example.com,929997414,SIS,2022-02-26
30550101,Mitchell,Rodriguez,1952-07-28,F,smitheduardo@example.com,936994893,Privado,2021-11-07
32933217,Marilyn,Molina,1980-05-11,F,racheljones@example.com,958875429,Ninguno,2023-06-08
41121771,James,Warner,2005-02-16,F,tylernorton@example.com,993552993,Ninguno,2021-06-01
51070155,Paula,Martinez,1999-03-15,F,marquezjoanna@example.net,926392471,SIS,2024-07-23
75866879,Roy,Lang,1965-05-17,M,frenchjames@example.com,995741487,Ninguno,2024-04-10
63456820,Ronald,Wilcox,1970-04-27,F,gomezmichael@example.com,918783826,SIS,2021-04-24
35820063,Rhonda,Brown,2002-03-05,M,arthurevans@example.org,921553019,Privado,2024-07-05
98355346,Jenna,Wells,1942-07-02,M,victoriascott@example.org,959011019,Essalud,2024-04-03
90239295,Samantha,Villarreal,2001-03-30,M,nicolethomas@example.net,960187447,Essalud,2021-11-19
73222636,Jennifer,Salazar,1951-08-18,F,debrajohnson@example.com,948445024,Privado,2025-06-10
15326551,Melinda,Edwards,1994-08-21,M,llang@example.net,990944375,Privado,2023-12-22
11414612,Diane,Tyler,1970-07-11,M,rirwin@example.org,955232274,Ninguno,2024-06-21
21229685,Ryan,Campbell,1993-06-10,F,thompsonkimberly@example.net,912774130,Essalud,2024-12-28
85894512,Bridget,Lamb,1949-12-28,F,rodneyhernandez@example.org,966447323,Ninguno,2020-08-01
70318039,John,Thompson,1999-03-15,M,josephbrittany@example.org,923841953,Ninguno,2020-11-16
97181850,Cindy,Hickman,1971-01-04,M,phillipenglish@example.com,959705183,Essalud,2023-08-25
18002893,Jason,Murphy,1990-11-03,M,susanconway@example.com,974148624,Essalud,2022-10-08
56204300,Travis,Garcia,1990-01-21,M,steven47@example.com,983101515,Ninguno,2020-09-13
84424851,Patricia,Cobb,1974-04-11,M,joshuapotter@example.net,978200924,Privado,2024-09-27
84098706,Deborah,Avila,1946-12-21,M,hkennedy@example.net,975549874,SIS,2022-08-22
20423400,Stacy,Gonzalez,1998-02-26,F,jimenezjustin@example.net,974243249,Privado,2020-12-22
19488150,Jose,Jones,1981-07-07,F,vhenderson@example.org,994972117,Ninguno,2023-11-05
42254819,Christine,Simmons,1963-03-17,M,charles52@example.net,966200420,Essalud,2024-12-25
61685695,Joseph,Chang,1977-09-10,M,lindseyclarke@example.net,919767066,Essalud,2023-10-24
71224857,Tracy,Santiago,1958-08-31,F,cschneider@example.com,914497798,Privado,2022-07-02
94946011,Jacob,Cardenas,1975-12-26,F,zortega@example.net,924962053,Essalud,2024-08-06
56814370,Kristie,Reyes,1965-04-04,F,dennis27@example.net,984436358,Ninguno,2020-05-29
62688188,Brooke,Jones,1965-11-10,M,gchristensen@example.org,968053061,Privado,2025-06-01
87967294,Joel,Burnett,1973-05-01,M,amandaduran@example.com,967739994,Privado,2020-08-30
21210564,Rachael,Quinn,1993-06-10,M,darlene88@example.org,991264681,Privado,2023-05-29
93559693,James,Henry,1963-11-12,M,ssolomon@example.net,972458849,Ninguno,2020-04-25
11144421,James,Lopez,1972-05-21,M,joelmoore@example.org,990028180,Privado,2020-08-12
83318633,Stephen,Lin,1956-12-10,F,ljones@example.net,974054553,Ninguno,2024-01-06
10594976,Kimberly,Harris,1970-01-09,F,jay25@example.com,938321997,SIS,2024-01-17
81349956,Michael,Clark,1981-10-21,F,sabrinabrown@example.com,986174870,Essalud,2022-08-04
84048224,Henry,Dean,1967-02-14,M,wblackwell@example.net,904168941,Privado,2020-06-17
41345705,Janet,Tucker,1954-04-20,M,millersteven@example.net,971190918,Privado,2020-12-28
55665753,Robin,Thomas,1989-09-22,M,lovepeter@example.net,944446957,Essalud,2021-07-12
25012443,Anita,Obrien,1987-10-30,F,katherinerobinson@example.com,934521089,SIS,2020-03-25
19537123,Brandi,Kim,1965-05-16,M,bryanjustin@example.com,901408646,Essalud,2022-11-22
92605793,Bob,Wilson,1962-08-30,F,zmurphy@example.com,974869174,Ninguno,2022-04-21
48263799,Mark,Johnson,1986-03-24,M,gilesdaniel@example.org,952271236,SIS,2022-07-31
60902037,Carrie,Hudson,1955-12-17,F,timothyhughes@example.net,972054498,SIS,2022-11-16
11636981,Justin,Adams,1997-10-02,F,kenneth63@example.com,943097510,Essalud,2022-04-01
81424832,Lisa,Sanchez,1976-05-08,M,odonnelllisa@example.com,908065579,SIS,2022-05-02
89846757,Alyssa,Schwartz,1943-08-21,F,briananderson@example.net,905128486,Privado,2023-12-27
96295810,Audrey,Turner,1960-05-02,F,silvajeffery@example.com,942544912,Essalud,2022-05-05
85709343,Nathan,Smith,1971-05-10,M,johnmoore@example.net,938986767,Privado,2024-11-25
40723874,Allen,Dickerson,1953-07-13,F,austindavid@example.net,935629460,Essalud,2023-11-23
50465376,Frank,Miller,2004-11-25,F,annagarcia@example.net,935462062,Privado,2023-06-21
81897892,John,Benson,2004-06-02,M,shannonreed@example.org,980383358,SIS,2021-07-20
30192787,Alison,Johnson,1976-12-20,F,andreabaker@example.net,932325511,Essalud,2020-06-26
53086752,Thomas,Finley,1945-06-01,M,eric25@example.org,918199139,Ninguno,2022-04-26
75274924,Jeanette,Barnes,1942-05-22,M,collinscheryl@example.org,956805769,Essalud,2024-11-07
40357531,Dominique,Ramirez,1948-08-24,F,millsanne@example.net,947253748,Essalud,2020-09-17
47013355,Mary,Giles,1974-07-11,M,novakkristi@example.org,998388422,Privado,2020-10-21
68272076,Brittany,Martin,1967-06-10,F,smithjeanne@example.com,917127608,Privado,2023-05-26
16800733,Angela,Roberts,1988-07-15,M,matthewmueller@example.org,990019063,Essalud,2022-12-26
91583240,Robert,Bailey,1990-11-29,M,april49@example.com,928105899,Privado,2021-03-22
39408958,Beth,Munoz,1988-06-02,F,matthewburns@example.com,937524541,Privado,2021-05-06
55255209,Francisco,Figueroa,1979-01-24,F,hannahmarks@example.com,909995215,Essalud,2024-06-24
44781030,George,Stewart,1968-08-15,F,jeremy93@example.net,983305656,SIS,2023-05-19
45675100,Dennis,Jones,1955-06-06,M,aaronmckinney@example.org,959607644,Ninguno,2022-07-27
16146453,Luis,Marks,1974-08-15,F,kleinkarl@example.net,910369803,Essalud,2021-01-13
88031351,Monica,Gonzalez,1971-01-09,F,carterrobert@example.com,921674163,SIS,2023-07-17
91659864,James,Montoya,1984-10-27,F,mejiawilliam@example.org,950577322,Privado,2021-10-21
10519659,Lisa,Jones,2001-11-29,F,chelseabryant@example.net,972263045,Ninguno,2023-09-08
41815806,Luke,King,1996-02-25,M,lherrera@example.org,919411686,SIS,2022-05-24
11757412,Daniel,Brown,1960-01-19,M,stacywalker@example.net,944122862,Ninguno,2023-04-20
17744051,Kelly,Hammond,1943-09-23,M,patricia54@example.org,954788269,Ninguno,2020-05-18
30097694,Amanda,Price,1964-04-15,M,emily21@example.com,979865452,SIS,2021-08-07
61426795,Kelly,Martin,1974-09-01,M,mathewcline@example.org,979947322,SIS,2021-11-02
81004778,Vanessa,Ferguson,1981-03-24,F,yprice@example.com,904926456,Ninguno,2021-09-23
84670241,Brittany,Reeves,1969-09-19,F,gravesalison@example.org,932663052,SIS,2020-12-18
52200362,Megan,Graham,1961-11-08,M,ygray@example.com,935206227,Ninguno,2021-09-10
80035174,Brandi,Charles,1950-03-08,F,faithhenderson@example.com,901513498,Ninguno,2024-01-15
72603847,Renee,Lopez,1948-09-09,M,thomas27@example.org,963388505,Privado,2021-02-15
69086854,Daniel,Thompson,1996-09-02,M,jessica64@example.com,922456388,Privado,2024-08-18
88550026,Jessica,Henderson,1968-05-19,F,derrick14@example.com,985215134,Essalud,2020-11-04
30425595,Paul,Schultz,1989-12-02,M,julian15@example.org,957624689,Ninguno,2024-12-24
21457660,Zachary,Webb,1945-09-11,F,michaelmoody@example.net,948229020,SIS,2024-03-22
50972189,Paula,Barrera,1985-08-02,F,morrispaul@example.org,994682006,Privado,2023-04-09
83032334,Melissa,King,1991-12-20,F,robertsrachel@example.com,929242944,Privado,2020-10-31
17325748,Mark,Smith,1949-06-01,M,ramseysteven@example.net,910541985,Essalud,2024-02-16
67096871,Jason,Bell,2001-02-07,F,francohaley@example.com,969977070,SIS,2020-06-01
62805028,Jacqueline,Yoder,1956-03-10,M,bhughes@example.org,936384767,Essalud,2023-06-14
48979553,Scott,Taylor,1944-10-14,F,brooksbradley@example.net,948551969,Privado,2021-08-26
13444632,Zachary,Little,1967-09-28,F,sandovalheather@example.org,981556606,SIS,2024-10-30
23282976,Denise,Day,1970-09-02,M,austin05@example.com,915584764,SIS,2022-03-30
98845676,Alexa,Barrett,1949-01-05,M,kathleen09@example.org,984272195,SIS,2025-02-04
13147493,Stephanie,Lara,1974-06-07,F,brandongoodman@example.org,916856602,SIS,2022-12-15
10958489,Donna,Horton,2005-07-02,F,swalker@example.com,985587379,Privado,2021-01-02
89839605,Melissa,Foster,1995-11-29,M,leeerik@example.org,984021803,Ninguno,2020-08-04
68991079,John,Collins,2004-11-23,F,ageorge@example.com,915970827,Privado,2020-07-31
12650965,Melissa,Shannon,1983-01-06,F,bharrison@example.org,916078587,Essalud,2021-07-23
38742796,Michelle,Greene,1969-09-23,M,welchdiane@example.com,903269655,SIS,2025-06-06
47776852,Elizabeth,Silva,1988-01-09,M,ramirezjames@example.org,914699813,Privado,2021-05-31
90904428,Jeremy,Ward,1964-10-30,F,kristin66@example.org,916960535,Ninguno,2024-11-24
48126762,Michael,Rivera,1982-05-30,F,lflowers@example.com,984099800,Ninguno,2022-02-23
22048375,Jo,Kelley,1964-08-16,M,cynthiasingleton@example.com,983749756,Essalud,2024-01-21
81424464,Victoria,Martinez,1964-09-15,F,derricklynch@example.net,993560116,SIS,2023-08-17
78405443,Adam,Jones,1984-11-13,F,ugarcia@example.com,918667071,Ninguno,2021-06-30
97243014,Todd,Baker,1975-09-26,M,twagner@example.net,959424715,Privado,2025-02-20
36949907,Donna,Jackson,1988-02-25,M,jenniferlester@example.org,949583179,Ninguno,2023-01-31
50664852,James,Kelley,1981-11-21,M,david73@example.net,986138139,Ninguno,2023-11-22
71423188,Luke,Ross,1957-04-18,F,oharrell@example.net,951288940,Privado,2024-12-05
27129713,Jill,Curry,1952-08-07,M,daniel59@example.com,935534620,Essalud,2023-04-11
32755618,Chris,Acosta,1940-02-12,M,jeffery49@example.com,972932281,Ninguno,2024-11-14
28227128,Julie,Carr,1955-04-02,M,fletcherjared@example.com,901431535,SIS,2025-06-12
13929258,Wayne,Greer,1988-12-13,M,martinthomas@example.net,924924591,Ninguno,2021-07-13
12126819,Donald,Hoover,2003-04-27,F,rogerlin@example.net,986889039,Essalud,2022-06-24
20362595,Chelsey,Sullivan,2003-08-31,M,casekristen@example.org,900128402,Ninguno,2021-04-24
47097752,Andrew,Johnson,1976-10-06,F,montgomerybianca@example.net,981395107,Ninguno,2023-03-16
44458823,Martha,Johnson,1985-05-11,M,jessicalyons@example.net,933443622,Privado,2020-07-07
15141032,Brian,Berg,2004-07-06,M,kristin71@example.com,923417515,Essalud,2020-06-13
65098044,John,Wright,1995-09-17,F,fisherstephanie@example.net,955225567,SIS,2020-12-19
61201592,Robert,Juarez,1979-06-05,F,bethanykemp@example.com,921461686,SIS,2022-10-09
34792713,Paula,Wade,1965-10-18,M,nguyenashley@example.net,988502372,SIS,2020-07-08
27751295,Diane,Fisher,1999-02-22,F,pennyscott@example.com,926785784,Essalud,2020-04-06
40313300,Stephanie,Cunningham,1960-07-22,M,eddiehughes@example.net,988269702,Ninguno,2023-10-04
34686696,Jennifer,Morgan,1997-08-30,F,garciacharles@example.com,915613468,SIS,2024-08-11
57747809,Brandon,Brown,1981-11-19,M,wlee@example.net,941588477,SIS,2020-06-13
71283557,Joseph,Williams,1987-09-16,F,dcross@example.org,993997976,Essalud,2022-01-27
45917062,Jeremy,Vasquez,1974-12-05,M,edward40@example.net,927720487,SIS,2021-07-05
96577555,Allen,Lloyd,1972-11-07,M,dean31@example.net,943743666,Ninguno,2020-07-10
36852626,Carla,Martinez,2000-11-03,F,angelicadavis@example.org,923854374,SIS,2021-09-26
50559608,Patricia,Boyer,1963-02-10,F,kylegoodman@example.net,977237401,SIS,2024-04-24
28011038,Kevin,Williams,1973-08-13,F,richardsonjessica@example.net,971391373,Essalud,2020-01-07
65134119,Jeremy,Rodriguez,2005-03-27,M,megan55@example.net,997940148,Ninguno,2023-12-03
35959932,Christopher,Lynch,1979-03-01,M,reynoldsmichelle@example.com,920333264,SIS,2022-07-30
66818976,Victor,Wilson,1974-09-15,M,johnnysheppard@example.com,908505293,Ninguno,2025-05-19
83376575,Ruth,Hanson,2001-10-01,M,ashley23@example.com,949869397,Essalud,2023-10-08
47084033,Sharon,Estrada,1965-11-26,F,websterangela@example.com,967375178,Privado,2022-01-04
74425400,Jeffrey,Patton,2000-08-02,F,gonzalezkatherine@example.net,948285331,SIS,2021-06-23
91979533,Rodney,Carney,1959-12-17,M,juanrodriguez@example.net,985040986,Privado,2022-09-16
88798013,Travis,Bird,1995-07-21,M,michael72@example.org,944207793,Privado,2021-09-30
93971945,Gary,Ruiz,1968-01-11,M,bryan39@example.com,907471521,Privado,2025-06-13
47471079,Patrick,Hood,1962-02-20,F,dsullivan@example.com,916248588,SIS,2022-12-14
55945461,Patricia,Smith,1946-02-06,F,ywaller@example.com,947972838,Ninguno,2022-04-25
42377803,Janice,Torres,1970-05-24,M,williamhoffman@example.com,925530589,Privado,2022-10-22
70346203,Bonnie,Hart,1987-01-16,M,timothygarrett@example.org,977923175,SIS,2023-03-26
93956251,Natasha,Russell,1965-02-11,F,qallen@example.com,949815005,Essalud,2021-05-04
23160171,Sarah,Soto,1986-07-15,F,zmorrison@example.net,981220523,Privado,2020-07-08
49635315,Craig,Everett,1956-11-26,F,sanderskaren@example.com,956245552,Privado,2024-10-19
36828972,Kimberly,Lopez,1952-02-09,M,phyllis26@example.net,965885842,Privado,2025-05-05
75849762,Thomas,Long,1958-02-28,M,suttonlinda@example.com,954606947,SIS,2023-11-23
80376462,Erika,Duncan,1973-04-30,M,erikhart@example.net,942410856,SIS,2022-03-31
58972592,Cynthia,Jones,1991-01-17,M,patrickstewart@example.org,972814737,Privado,2020-12-08
52432938,Andrea,Robinson,1957-02-20,F,srichmond@example.org,942703520,Privado,2021-03-18
51457046,William,Smith,1992-12-16,M,jessica64@example.org,974090540,SIS,2022-03-01
62553934,David,Cummings,2001-07-07,M,butlerlinda@example.net,919099398,Essalud,2020-07-01
82854692,Paul,Brown,1994-07-07,M,beckerjamie@example.org,962352611,SIS,2022-12-07
68440809,Jason,Ford,1986-10-26,M,brittanypennington@example.org,913837783,Ninguno,2020-12-13
90557133,Philip,Martin,1974-07-24,M,townsendelizabeth@example.com,961288945,SIS,2023-03-05
22136400,Michael,Donovan,1999-07-01,M,melissa65@example.com,933357709,SIS,2023-06-01
42589650,Jean,Morris,1986-07-10,M,sheena36@example.com,973627486,Ninguno,2022-10-29
96643612,Daniel,Rowe,1948-12-08,F,tracy60@example.org,920557156,SIS,2022-11-05
94543182,Amy,Hester,1948-09-22,F,jensenmelissa@example.org,985160810,Privado,2025-02-22
75025585,Ronald,Yang,1987-01-04,F,michael09@example.com,909467273,Essalud,2024-07-24
75689489,Mark,Wise,1945-12-02,M,adamslinda@example.com,950748715,SIS,2024-05-06
73850425,Kimberly,Howell,2000-03-19,M,rjohnson@example.net,908959941,Essalud,2022-03-07
47470502,John,Wagner,1982-02-12,F,bfranklin@example.net,902097094,Ninguno,2025-03-13
76376381,Carla,Lowery,1947-10-11,M,qsalazar@example.com,901716792,SIS,2022-01-14
82300625,Todd,Hurley,1950-01-31,F,diamondjohnson@example.org,954299607,Privado,2025-01-12
96034658,David,Cannon,1946-07-24,M,chloe25@example.com,955441760,SIS,2021-08-23
76900674,Willie,Little,1986-03-11,M,jimenezgrant@example.net,974359798,Ninguno,2023-12-10
11706549,John,Turner,1988-03-12,M,wallen@example.com,956433404,SIS,2022-05-24
64343693,Elizabeth,Wilkerson,1985-10-12,M,ymorrison@example.org,910152578,Ninguno,2025-02-16
51334101,Nathaniel,Hayes,1944-11-24,M,john13@example.org,968295575,Privado,2023-03-24
41527311,Kathryn,Ferrell,1958-05-14,F,lisa58@example.com,994586887,Ninguno,2020-12-09
50690049,Lindsey,Lopez,1946-01-17,F,thomaswagner@example.com,963534412,Ninguno,2024-09-12
30377227,Joshua,Parker,2005-10-22,M,shelleyhanson@example.org,983429734,SIS,2021-10-09
18088375,Eric,Greene,1956-10-04,M,snowtim@example.com,992437237,Ninguno,2022-05-10
